MATRICULA;RAZAO_DE_INATIVIDADE_DE_ALUNO
102210001;CANCELAMENTO
102210002;DESCONHECIDO
102210003;REINGRESSO
102210004;DESCONHECIDO
102210005;DESCONHECIDO
102210006;DESCONHECIDO
102210007;DESCONHECIDO
102210008;DESCONHECIDO
102210009;DESCONHECIDO
102210010;DESCONHECIDO
102210011;ABANDONO
102210012;ABANDONO
102210013;REINGRESSO
102210014;DESCONHECIDO
102210015;EXPULSAO
102210016;DESCONHECIDO
102210017;ABANDONO
102210018;REINGRESSO
102210019;DESCONHECIDO
102210020;ABANDONO
102210021;ABANDONO
102210022;DESCONHECIDO
102210023;DESCONHECIDO
102210024;DESCONHECIDO
102210025;ABANDONO
102210026;ABANDONO
102210027;EXPULSAO
102210028;ABANDONO
102210030;ABANDONO
102210031;ABANDONO
102210032;ABANDONO
102210033;DESCONHECIDO
102210034;ABANDONO
102210035;DESCONHECIDO
102210218;DESCONHECIDO
102210234;DESCONHECIDO
102210242;REINGRESSO
102210249;CANCELAMENTO
103110009;DESCONHECIDO
103110010;DESCONHECIDO
103110011;DESCONHECIDO
103110012;ABANDONO
103110013;DESCONHECIDO
103110014;DESCONHECIDO
103110015;DESCONHECIDO
103110016;ABANDONO
103110017;DESCONHECIDO
103110018;DESCONHECIDO
103110019;REINGRESSO
103110021;DESCONHECIDO
103110022;DESCONHECIDO
103110023;DESCONHECIDO
103110024;DESCONHECIDO
103110025;ABANDONO
103110026;DESCONHECIDO
103110027;DESCONHECIDO
103110028;DESCONHECIDO
103110029;DESCONHECIDO
103110030;DESCONHECIDO
103110031;DESCONHECIDO
103110032;EXPULSAO
103110033;DESCONHECIDO
103110034;ABANDONO
103110035;DESCONHECIDO
103110036;DESCONHECIDO
103110037;DESCONHECIDO
103110038;EXPULSAO
103110039;DESCONHECIDO
103110040;DESCONHECIDO
103110041;DESCONHECIDO
103110393;DESCONHECIDO
103110414;DESCONHECIDO
103110415;DESCONHECIDO
103110416;TRANSFERENCIA
103110451;ABANDONO
103210004;ABANDONO
103210005;DESCONHECIDO
103210006;DESCONHECIDO
103210007;REINGRESSO
103210008;EXPULSAO
103210009;TRANSFERENCIA
103210010;REINGRESSO
103210011;DESCONHECIDO
103210012;EXPULSAO
103210013;ABANDONO
103210014;ABANDONO
103210015;ABANDONO
103210016;REINGRESSO
103210017;DESCONHECIDO
103210018;ABANDONO
103210019;DESCONHECIDO
103210020;DESCONHECIDO
103210021;ABANDONO
103210022;ABANDONO
103210023;ABANDONO
103210024;DESCONHECIDO
103210025;ABANDONO
103210026;DESCONHECIDO
103210027;DESCONHECIDO
103210028;DESCONHECIDO
103210029;DESCONHECIDO
103210030;DESCONHECIDO
103210031;CANCELAMENTO
103210032;ABANDONO
103210033;ABANDONO
103210034;DESCONHECIDO
103210035;DESCONHECIDO
103210220;DESCONHECIDO
103210237;DESCONHECIDO
103210238;DESCONHECIDO
103210263;REINGRESSO
103210282;OUTROS
103210283;OUTROS
104110001;ABANDONO
104110002;DESCONHECIDO
104110003;DESCONHECIDO
104110004;ABANDONO
104110005;DESCONHECIDO
104110006;TRANSFERENCIA
104110007;ABANDONO
104110008;DESCONHECIDO
104110009;REINGRESSO
104110010;TRANSFERENCIA
104110011;DESCONHECIDO
104110012;DESCONHECIDO
104110013;ABANDONO
104110014;DESCONHECIDO
104110015;EXPULSAO
104110016;DESCONHECIDO
104110017;DESCONHECIDO
104110018;DESCONHECIDO
104110019;DESCONHECIDO
104110020;DESCONHECIDO
104110021;ABANDONO
104110022;DESCONHECIDO
104110023;DESCONHECIDO
104110024;REINGRESSO
104110025;DESCONHECIDO
104110026;ABANDONO
104110027;DESCONHECIDO
104110028;DESCONHECIDO
104110029;DESCONHECIDO
104110030;DESCONHECIDO
104110031;DESCONHECIDO
104110032;DESCONHECIDO
104110033;EXPULSAO
104110034;DESCONHECIDO
104110035;ABANDONO
104110399;ABANDONO
104210001;ABANDONO
104210002;ABANDONO
104210003;DESCONHECIDO
104210004;DESCONHECIDO
104210005;DESCONHECIDO
104210006;DESCONHECIDO
104210007;DESCONHECIDO
104210008;DESCONHECIDO
104210009;DESCONHECIDO
104210010;DESCONHECIDO
104210011;TRANSFERENCIA
104210012;DESCONHECIDO
104210013;EXPULSAO
104210014;ABANDONO
104210015;TRANSFERENCIA
104210016;DESCONHECIDO
104210017;EXPULSAO
104210018;ABANDONO
104210019;EXPULSAO
104210020;DESCONHECIDO
104210021;EXPULSAO
104210022;DESCONHECIDO
104210023;REINGRESSO
104210024;ABANDONO
104210025;DESCONHECIDO
104210026;ABANDONO
104210027;DESCONHECIDO
104210028;DESCONHECIDO
104210029;EXPULSAO
104210030;DESCONHECIDO
104210031;DESCONHECIDO
104210032;DESCONHECIDO
104210033;DESCONHECIDO
104210034;ABANDONO
104210035;TRANSFERENCIA
104210215;DESCONHECIDO
104210216;ABANDONO
105110091;DESCONHECIDO
105110092;DESCONHECIDO
105110093;ABANDONO
105110094;DESCONHECIDO
105110095;DESCONHECIDO
105110096;ABANDONO
105110097;DESCONHECIDO
105110098;DESCONHECIDO
105110099;DESCONHECIDO
105110100;ABANDONO
105110101;DESCONHECIDO
105110102;DESCONHECIDO
105110103;DESCONHECIDO
105110104;DESCONHECIDO
105110105;DESCONHECIDO
105110106;DESCONHECIDO
105110107;DESCONHECIDO
105110108;DESCONHECIDO
105110109;DESCONHECIDO
105110110;REINGRESSO
105110111;DESCONHECIDO
105110112;ABANDONO
105110113;ABANDONO
105110114;REINGRESSO
105110115;DESCONHECIDO
105110116;DESCONHECIDO
105110117;DESCONHECIDO
105110118;ABANDONO
105110119;DESCONHECIDO
105110120;DESCONHECIDO
105110121;DESCONHECIDO
105110122;DESCONHECIDO
105110123;ABANDONO
105110124;DESCONHECIDO
105110125;ABANDONO
105110753;DESCONHECIDO
105110767;ABANDONO
105210126;DESCONHECIDO
105210127;ABANDONO
105210128;DESCONHECIDO
105210130;DESCONHECIDO
105210131;REINGRESSO
105210132;ABANDONO
105210133;DESCONHECIDO
105210134;ABANDONO
105210135;DESCONHECIDO
105210136;DESCONHECIDO
105210137;EXPULSAO
105210138;REINGRESSO
105210139;ABANDONO
105210140;DESCONHECIDO
105210141;DESCONHECIDO
105210142;ABANDONO
105210143;DESCONHECIDO
105210144;DESCONHECIDO
105210145;DESCONHECIDO
105210146;EXPULSAO
105210147;ABANDONO
105210148;ABANDONO
105210149;ABANDONO
105210150;REINGRESSO
105210151;ABANDONO
105210152;ABANDONO
105210153;EXPULSAO
105210154;ABANDONO
105210155;EXPULSAO
105210156;DESCONHECIDO
105210157;DESCONHECIDO
105210158;DESCONHECIDO
105210159;DESCONHECIDO
105210160;DESCONHECIDO
105210773;DESCONHECIDO
105210774;EXPULSAO
105210775;EXPULSAO
105210785;ABANDONO
105210800;ABANDONO
106110111;DESCONHECIDO
106110112;DESCONHECIDO
106110113;ABANDONO
106110114;REINGRESSO
106110115;DESCONHECIDO
106110116;DESCONHECIDO
106110117;DESCONHECIDO
106110118;DESCONHECIDO
106110119;DESCONHECIDO
106110120;ABANDONO
106110121;DESCONHECIDO
106110122;DESCONHECIDO
106110123;DESCONHECIDO
106110124;ABANDONO
106110125;DESCONHECIDO
106110126;DESCONHECIDO
106110127;ABANDONO
106110128;DESCONHECIDO
106110129;ABANDONO
106110130;DESCONHECIDO
106110131;ABANDONO
106110132;DESCONHECIDO
106110133;DESCONHECIDO
106110134;DESCONHECIDO
106110135;EXPULSAO
106110136;DESCONHECIDO
106110137;DESCONHECIDO
106110138;DESCONHECIDO
106110139;ABANDONO
106110141;DESCONHECIDO
106110142;REINGRESSO
106110143;ABANDONO
106110144;DESCONHECIDO
106110145;DESCONHECIDO
106110801;REINGRESSO
106110802;ABANDONO
106110803;ABANDONO
106110804;DESCONHECIDO
106110805;DESCONHECIDO
106210146;DESCONHECIDO
106210147;DESCONHECIDO
106210148;DESCONHECIDO
106210149;DESCONHECIDO
106210150;EXPULSAO
106210151;DESCONHECIDO
106210152;DESCONHECIDO
106210154;EXPULSAO
106210155;DESCONHECIDO
106210157;DESCONHECIDO
106210158;DESCONHECIDO
106210159;REINGRESSO
106210160;DESCONHECIDO
106210161;DESCONHECIDO
106210162;DESCONHECIDO
106210164;CANCELAMENTO
106210165;DESCONHECIDO
106210166;DESCONHECIDO
106210167;DESCONHECIDO
106210170;DESCONHECIDO
106210171;ABANDONO
106210172;TRANSFERENCIA
106210173;ABANDONO
106210175;ABANDONO
106210176;DESCONHECIDO
106210177;DESCONHECIDO
106210178;ABANDONO
106210596;DESCONHECIDO
106210598;DESCONHECIDO
106210599;DESCONHECIDO
106210600;DESCONHECIDO
106210601;DESCONHECIDO
106210602;REINGRESSO
106210603;TRANSFERENCIA
106210604;DESCONHECIDO
106210668;ABANDONO
107110001;DESCONHECIDO
107110002;ABANDONO
107110003;DESCONHECIDO
107110004;REINGRESSO
107110005;DESCONHECIDO
107110006;ABANDONO
107110008;ABANDONO
107110009;REINGRESSO
107110011;ABANDONO
107110012;DESCONHECIDO
107110013;TRANSFERENCIA
107110014;DESCONHECIDO
107110016;DESCONHECIDO
107110017;DESCONHECIDO
107110018;EXPULSAO
107110019;TRANSFERENCIA
107110020;ABANDONO
107110021;DESCONHECIDO
107110022;ABANDONO
107110024;ABANDONO
107110025;DESCONHECIDO
107110026;EXPULSAO
107110028;DESCONHECIDO
107110029;ABANDONO
107110030;DESCONHECIDO
107110031;DESCONHECIDO
107110032;REINGRESSO
107110033;REINGRESSO
107110034;ABANDONO
107110035;DESCONHECIDO
107110036;REINGRESSO
107110038;REINGRESSO
107110039;TRANSFERENCIA
107110431;ABANDONO
107110433;REINGRESSO
107110434;DESCONHECIDO
107110436;DESCONHECIDO
107110437;DESCONHECIDO
107110526;ABANDONO
107110563;DESCONHECIDO
107110610;DESCONHECIDO
107210001;DESCONHECIDO
107210002;REINGRESSO
107210003;REINGRESSO
107210004;DESCONHECIDO
107210005;REINGRESSO
107210007;DESCONHECIDO
107210008;ABANDONO
107210009;REINGRESSO
107210010;DESCONHECIDO
107210011;DESCONHECIDO
107210012;DESCONHECIDO
107210013;DESCONHECIDO
107210014;EXPULSAO
107210015;DESCONHECIDO
107210016;DESCONHECIDO
107210017;DESCONHECIDO
107210018;ABANDONO
107210020;ABANDONO
107210021;EXPULSAO
107210022;EXPULSAO
107210023;DESCONHECIDO
107210025;EXPULSAO
107210028;DESCONHECIDO
107210030;DESCONHECIDO
107210031;TRANSFERENCIA
107210032;DESCONHECIDO
107210033;REINGRESSO
107210034;EXPULSAO
107210036;ABANDONO
107210037;EXPULSAO
107210038;ABANDONO
107210221;EXPULSAO
107210222;ABANDONO
107210223;REINGRESSO
107210224;DESCONHECIDO
107210226;DESCONHECIDO
107210228;EXPULSAO
107210229;EXPULSAO
107210230;ABANDONO
107210333;REINGRESSO
107210334;REINGRESSO
108110001;DESCONHECIDO
108110002;DESCONHECIDO
108110003;DESCONHECIDO
108110004;DESCONHECIDO
108110005;DESCONHECIDO
108110006;EXPULSAO
108110007;DESCONHECIDO
108110008;EXPULSAO
108110009;DESCONHECIDO
108110010;DESCONHECIDO
108110011;EXPULSAO
108110012;EXPULSAO
108110013;DESCONHECIDO
108110014;DESCONHECIDO
108110015;DESCONHECIDO
108110016;DESCONHECIDO
108110017;EXPULSAO
108110018;DESCONHECIDO
108110019;DESCONHECIDO
108110020;DESCONHECIDO
108110021;DESCONHECIDO
108110023;DESCONHECIDO
108110024;DESCONHECIDO
108110025;DESCONHECIDO
108110028;DESCONHECIDO
108110030;EXPULSAO
108110031;DESCONHECIDO
108110032;DESCONHECIDO
108110034;DESCONHECIDO
108110035;DESCONHECIDO
108110036;ABANDONO
108110040;REINGRESSO
108110496;REINGRESSO
108110497;TRANSFERENCIA
108110498;EXPULSAO
108110500;DESCONHECIDO
108110501;DESCONHECIDO
108110502;DESCONHECIDO
108110504;EXPULSAO
108110604;DESCONHECIDO
108110605;EXPULSAO
108210003;DESCONHECIDO
108210004;DESCONHECIDO
108210005;EXPULSAO
108210007;DESCONHECIDO
108210008;DESCONHECIDO
108210013;ABANDONO
108210014;REINGRESSO
108210015;EXPULSAO
108210017;EXPULSAO
108210018;REINGRESSO
108210019;REINGRESSO
108210021;DESCONHECIDO
108210022;DESCONHECIDO
108210023;EXPULSAO
108210024;EXPULSAO
108210026;EXPULSAO
108210028;ABANDONO
108210030;DESCONHECIDO
108210033;EXPULSAO
108210035;EXPULSAO
108210038;EXPULSAO
108210039;DESCONHECIDO
108210197;DESCONHECIDO
108210198;ABANDONO
108210199;EXPULSAO
108210200;DESCONHECIDO
108210201;EXPULSAO
108210202;DESCONHECIDO
108210203;EXPULSAO
108210204;DESCONHECIDO
108210205;REINGRESSO
108210206;DESCONHECIDO
108210207;REINGRESSO
108210210;TRANSFERENCIA
108210211;DESCONHECIDO
108210282;DESCONHECIDO
108210283;ABANDONO
108210284;DESCONHECIDO
108210306;EXPULSAO
108210312;DESCONHECIDO
108210313;TRANSFERENCIA
108210333;EXPULSAO
108210334;DESCONHECIDO
108210347;DESCONHECIDO
108210348;REINGRESSO
108210350;TRANSFERENCIA
108210351;DESCONHECIDO
108210352;EXPULSAO
108210353;REINGRESSO
108210354;DESCONHECIDO
109110001;EXPULSAO
109110028;REINGRESSO
109110029;DESCONHECIDO
109110030;REINGRESSO
109110031;REINGRESSO
109110032;REINGRESSO
109110033;EXPULSAO
109110054;DESCONHECIDO
109110056;REINGRESSO
109110057;REINGRESSO
109110061;REINGRESSO
109110062;EXPULSAO
109110063;DESCONHECIDO
109110064;ABANDONO
109110065;DESCONHECIDO
109110066;DESCONHECIDO
109110067;ABANDONO
109110068;DESCONHECIDO
109110069;ABANDONO
109110070;DESCONHECIDO
109110072;EXPULSAO
109110073;DESCONHECIDO
109110074;DESCONHECIDO
109110075;DESCONHECIDO
109110076;DESCONHECIDO
109110079;REINGRESSO
109110080;EXPULSAO
109110081;EXPULSAO
109110084;DESCONHECIDO
109110085;DESCONHECIDO
109110086;REINGRESSO
109110089;DESCONHECIDO
109110090;REINGRESSO
109110092;DESCONHECIDO
109110093;EXPULSAO
109110094;ABANDONO
109110095;EXPULSAO
109110098;EXPULSAO
109110099;TRANSFERENCIA
109110100;DESCONHECIDO
109110101;REINGRESSO
109110102;REINGRESSO
109110104;ABANDONO
109110106;ABANDONO
109110107;REINGRESSO
109110108;DESCONHECIDO
109110109;REINGRESSO
109110110;ABANDONO
109110111;REINGRESSO
109110112;DESCONHECIDO
109110114;EXPULSAO
109110115;DESCONHECIDO
109110116;REINGRESSO
109110117;ABANDONO
109110118;DESCONHECIDO
109110119;DESCONHECIDO
109110120;DESCONHECIDO
109110122;DESCONHECIDO
109110123;EXPULSAO
109110124;REINGRESSO
109110125;EXPULSAO
109110797;ABANDONO
109110798;EXPULSAO
109110799;ABANDONO
109110800;EXPULSAO
109110801;REINGRESSO
109110803;EXPULSAO
109110805;DESCONHECIDO
109110806;EXPULSAO
109110807;REINGRESSO
109110808;DESCONHECIDO
109110809;EXPULSAO
109110810;ABANDONO
109150001;DESCONHECIDO
109150003;ABANDONO
109150027;DESCONHECIDO
109150028;EXPULSAO
109150038;DESCONHECIDO
109210001;EXPULSAO
109210002;ABANDONO
109210003;EXPULSAO
109210004;EXPULSAO
109210009;REINGRESSO
109210011;REINGRESSO
109210012;ABANDONO
109210013;DESCONHECIDO
109210014;REINGRESSO
109210015;DESCONHECIDO
109210017;ABANDONO
109210018;EXPULSAO
109210019;DESCONHECIDO
109210021;EXPULSAO
109210023;EXPULSAO
109210026;EXPULSAO
109210029;DESCONHECIDO
109210030;DESCONHECIDO
109210031;ABANDONO
109210032;EXPULSAO
109210034;DESCONHECIDO
109210036;DESCONHECIDO
109210038;EXPULSAO
109210039;EXPULSAO
109210041;ABANDONO
109210043;REINGRESSO
109210046;REINGRESSO
109210048;EXPULSAO
109210049;REINGRESSO
109210050;REINGRESSO
109210051;EXPULSAO
109210052;EXPULSAO
109210053;EXPULSAO
109210055;REINGRESSO
109210056;EXPULSAO
109210057;REINGRESSO
109210059;DESCONHECIDO
109210060;DESCONHECIDO
109210061;ABANDONO
109210062;TRANSFERENCIA
109210063;REINGRESSO
109210065;DESCONHECIDO
109210281;ABANDONO
109210282;DESCONHECIDO
109210284;REINGRESSO
109210285;DESCONHECIDO
109210286;DESCONHECIDO
109210287;EXPULSAO
109210288;TRANSFERENCIA
109210290;EXPULSAO
109210291;ABANDONO
109210293;REINGRESSO
109210294;ABANDONO
109210295;EXPULSAO
109210296;EXPULSAO
109210297;EXPULSAO
109210298;ABANDONO
109210299;REINGRESSO
109210300;DESCONHECIDO
109210301;EXPULSAO
109210422;DESCONHECIDO
109210423;ABANDONO
109210434;ABANDONO
109210469;ABANDONO
109210473;EXPULSAO
109210474;TRANSFERENCIA
109210492;EXPULSAO
109210493;DESCONHECIDO
110110043;REINGRESSO
110110044;DESCONHECIDO
110110045;DESCONHECIDO
110110046;ABANDONO
110110047;DESCONHECIDO
110110048;EXPULSAO
110110049;DESCONHECIDO
110110050;DESCONHECIDO
110110051;ABANDONO
110110052;DESCONHECIDO
110110053;DESCONHECIDO
110110055;ABANDONO
110110057;EXPULSAO
110110058;DESCONHECIDO
110110059;EXPULSAO
110110061;REINGRESSO
110110062;REINGRESSO
110110063;REINGRESSO
110110065;TRANSFERENCIA
110110066;EXPULSAO
110110067;ABANDONO
110110069;DESCONHECIDO
110110070;REINGRESSO
110110072;REINGRESSO
110110073;REINGRESSO
110110074;DESCONHECIDO
110110075;EXPULSAO
110110076;DESCONHECIDO
110110077;EXPULSAO
110110078;DESCONHECIDO
110110079;EXPULSAO
110110080;REINGRESSO
110110081;DESCONHECIDO
110110084;DESCONHECIDO
110110085;DESCONHECIDO
110110087;REINGRESSO
110110088;ABANDONO
110110089;ABANDONO
110110090;EXPULSAO
110110091;REINGRESSO
110110092;ABANDONO
110110093;DESCONHECIDO
110110094;DESCONHECIDO
110110095;REINGRESSO
110110096;ABANDONO
110110097;REINGRESSO
110110098;EXPULSAO
110110099;DESCONHECIDO
110110100;DESCONHECIDO
110110104;TRANSFERENCIA
110110106;TRANSFERENCIA
110110107;EXPULSAO
110110108;ABANDONO
110110109;ABANDONO
110110110;DESCONHECIDO
110110111;EXPULSAO
110110112;REINGRESSO
110110113;ABANDONO
110110114;DESCONHECIDO
110110116;DESCONHECIDO
110110117;DESCONHECIDO
110110118;DESCONHECIDO
110110119;EXPULSAO
110110120;EXPULSAO
110110121;DESCONHECIDO
110110122;EXPULSAO
110110123;DESCONHECIDO
110110124;DESCONHECIDO
110110125;DESCONHECIDO
110110126;EXPULSAO
110110127;DESCONHECIDO
110110128;DESCONHECIDO
110110129;REINGRESSO
110110130;REINGRESSO
110110131;ABANDONO
110110132;DESCONHECIDO
110110847;REINGRESSO
110110848;DESCONHECIDO
110110850;EXPULSAO
110110851;DESCONHECIDO
110110852;EXPULSAO
110110853;REINGRESSO
110110857;REINGRESSO
110110973;DESCONHECIDO
110110974;DESCONHECIDO
110110977;EXPULSAO
110110978;DESCONHECIDO
110110979;EXPULSAO
110150010;ABANDONO
110150011;TRANSFERENCIA
110150081;EXPULSAO
110150082;EXPULSAO
110150167;REINGRESSO
110150169;DESCONHECIDO
110150172;REINGRESSO
110150173;REINGRESSO
110150214;EXPULSAO
110210041;EXPULSAO
110210044;REINGRESSO
110210045;DESCONHECIDO
110210046;REINGRESSO
110210047;DESCONHECIDO
110210049;EXPULSAO
110210052;ABANDONO
110210053;REINGRESSO
110210054;EXPULSAO
110210055;EXPULSAO
110210058;DESCONHECIDO
110210059;REINGRESSO
110210060;REINGRESSO
110210061;DESCONHECIDO
110210065;ABANDONO
110210066;REINGRESSO
110210067;REINGRESSO
110210068;DESCONHECIDO
110210069;EXPULSAO
110210070;EXPULSAO
110210072;DESCONHECIDO
110210073;REINGRESSO
110210075;DESCONHECIDO
110210078;DESCONHECIDO
110210079;DESCONHECIDO
110210080;REINGRESSO
110210081;REINGRESSO
110210082;REINGRESSO
110210083;DESCONHECIDO
110210084;ABANDONO
110210086;ABANDONO
110210088;DESCONHECIDO
110210091;DESCONHECIDO
110210092;REINGRESSO
110210093;REINGRESSO
110210094;ABANDONO
110210095;ABANDONO
110210096;ABANDONO
110210097;REINGRESSO
110210099;EXPULSAO
110210102;DESCONHECIDO
110210103;EXPULSAO
110210104;EXPULSAO
110210105;REINGRESSO
110210107;EXPULSAO
110210108;REINGRESSO
110210109;EXPULSAO
110210110;DESCONHECIDO
110210111;REINGRESSO
110210113;REINGRESSO
110210114;DESCONHECIDO
110210115;REINGRESSO
110210117;ABANDONO
110210118;REINGRESSO
110210122;EXPULSAO
110210124;EXPULSAO
110210126;REINGRESSO
110210128;DESCONHECIDO
110210129;REINGRESSO
110210130;REINGRESSO
110210379;ABANDONO
110210380;EXPULSAO
110210381;ABANDONO
110210382;TRANSFERENCIA
110210383;EXPULSAO
110210384;ABANDONO
110210385;REINGRESSO
110210386;REINGRESSO
110210387;EXPULSAO
110210388;ABANDONO
110210389;EXPULSAO
110210390;DESCONHECIDO
110210391;REINGRESSO
110210392;EXPULSAO
110210393;REINGRESSO
110210394;REINGRESSO
110210395;REINGRESSO
110210396;EXPULSAO
110210397;DESCONHECIDO
110210494;REINGRESSO
110210495;REINGRESSO
110210525;EXPULSAO
110210526;DESCONHECIDO
110210527;EXPULSAO
110210557;EXPULSAO
110210558;EXPULSAO
110210559;EXPULSAO
110210560;TRANSFERENCIA
110210580;ABANDONO
110210609;EXPULSAO
110210613;EXPULSAO
110210614;EXPULSAO
110210615;ABANDONO
110210639;EXPULSAO
111110060;REINGRESSO
111110061;EXPULSAO
111110063;REINGRESSO
111110064;DESCONHECIDO
111110066;ABANDONO
111110069;REINGRESSO
111110070;REINGRESSO
111110071;CANCELAMENTO
111110073;ABANDONO
111110074;DESCONHECIDO
111110076;DESCONHECIDO
111110078;REINGRESSO
111110079;DESCONHECIDO
111110080;DESCONHECIDO
111110082;ABANDONO
111110083;DESCONHECIDO
111110085;ABANDONO
111110086;ABANDONO
111110087;EXPULSAO
111110088;DESCONHECIDO
111110089;EXPULSAO
111110090;ABANDONO
111110091;EXPULSAO
111110092;DESCONHECIDO
111110094;REINGRESSO
111110096;ABANDONO
111110099;DESCONHECIDO
111110100;REINGRESSO
111110103;DESCONHECIDO
111110105;ABANDONO
111110109;ABANDONO
111110112;ABANDONO
111110113;EXPULSAO
111110114;DESCONHECIDO
111110115;ABANDONO
111110116;ABANDONO
111110118;EXPULSAO
111110119;REINGRESSO
111110120;ABANDONO
111110121;DESCONHECIDO
111110122;DESCONHECIDO
111110124;EXPULSAO
111110125;EXPULSAO
111110126;REINGRESSO
111110127;REINGRESSO
111110128;ABANDONO
111110129;ABANDONO
111110130;DESCONHECIDO
111110132;ABANDONO
111110133;DESCONHECIDO
111110134;ABANDONO
111110135;DESCONHECIDO
111110139;DESCONHECIDO
111110890;EXPULSAO
111110892;REINGRESSO
111110893;DESCONHECIDO
111110894;EXPULSAO
111110895;DESCONHECIDO
111110896;ABANDONO
111110898;DESCONHECIDO
111110900;REINGRESSO
111110901;EXPULSAO
111110902;DESCONHECIDO
111110904;EXPULSAO
111110905;EXPULSAO
111110907;REINGRESSO
111110908;ABANDONO
111110911;DESCONHECIDO
111110912;DESCONHECIDO
111110914;DESCONHECIDO
111110915;ABANDONO
111110916;REINGRESSO
111110919;EXPULSAO
111110921;DESCONHECIDO
111110922;REINGRESSO
111110923;DESCONHECIDO
111110925;DESCONHECIDO
111110926;REINGRESSO
111110927;EXPULSAO
111110928;EXPULSAO
111110929;DESCONHECIDO
111110931;REINGRESSO
111110933;REINGRESSO
111110935;EXPULSAO
111110938;DESCONHECIDO
111110939;DESCONHECIDO
111110940;REINGRESSO
111110941;REINGRESSO
111150279;EXPULSAO
111150280;EXPULSAO
111150282;ABANDONO
111150283;DESCONHECIDO
111150285;ABANDONO
111150288;ABANDONO
111150289;ABANDONO
111150291;ABANDONO
111150292;REINGRESSO
111150427;ABANDONO
111150430;REINGRESSO
111150493;REINGRESSO
111150494;REINGRESSO
111150551;DESCONHECIDO
111150553;ABANDONO
111210042;DESCONHECIDO
111210049;EXPULSAO
111210050;DESCONHECIDO
111210055;EXPULSAO
111210056;DESCONHECIDO
111210057;DESCONHECIDO
111210061;DESCONHECIDO
111210062;ABANDONO
111210064;EXPULSAO
111210066;DESCONHECIDO
111210068;ABANDONO
111210073;EXPULSAO
111210079;REINGRESSO
111210080;EXPULSAO
111210081;ABANDONO
111210085;ABANDONO
111210089;ABANDONO
111210090;DESCONHECIDO
111210096;EXPULSAO
111210098;ABANDONO
111210102;ABANDONO
111210113;DESCONHECIDO
111210117;REINGRESSO
111210120;DESCONHECIDO
111210122;DESCONHECIDO
111210124;ABANDONO
111210390;ABANDONO
111210391;ABANDONO
111210392;EXPULSAO
111210393;REINGRESSO
111210395;EXPULSAO
111210396;EXPULSAO
111210397;EXPULSAO
111210398;EXPULSAO
111210399;DESCONHECIDO
111210400;DESCONHECIDO
111210401;REINGRESSO
111210403;EXPULSAO
111210404;DESCONHECIDO
111210405;EXPULSAO
111210406;REINGRESSO
111210407;REINGRESSO
111210410;ABANDONO
111210411;REINGRESSO
111210412;EXPULSAO
111210413;EXPULSAO
111210414;REINGRESSO
111210415;ABANDONO
111210416;ABANDONO
111210417;DESCONHECIDO
111210419;DESCONHECIDO
111210421;REINGRESSO
111210422;DESCONHECIDO
111210423;ABANDONO
111210426;EXPULSAO
111210428;EXPULSAO
111210429;DESCONHECIDO
111210430;ABANDONO
111210432;EXPULSAO
111210433;ABANDONO
111210434;ABANDONO
111210437;EXPULSAO
111210438;REINGRESSO
111210441;EXPULSAO
111210442;DESCONHECIDO
111210445;DESCONHECIDO
111210446;ABANDONO
111210447;ABANDONO
111210448;EXPULSAO
111210449;EXPULSAO
111210450;DESCONHECIDO
111210451;EXPULSAO
111210452;DESCONHECIDO
111210653;DESCONHECIDO
111210655;EXPULSAO
111210656;ABANDONO
111210657;EXPULSAO
111210658;REINGRESSO
111210659;REINGRESSO
111210660;ABANDONO
111210661;REINGRESSO
111210662;DESCONHECIDO
111210663;ABANDONO
111210665;EXPULSAO
111210666;EXPULSAO
111210667;EXPULSAO
111210669;REINGRESSO
111210748;EXPULSAO
111210787;EXPULSAO
111210792;REINGRESSO
111210794;EXPULSAO
111210796;EXPULSAO
111210799;EXPULSAO
111210840;EXPULSAO
111210841;ABANDONO
111210870;EXPULSAO
111210872;DESCONHECIDO
111210873;EXPULSAO
111210885;EXPULSAO
111210898;EXPULSAO
111210943;ABANDONO
111210945;EXPULSAO
111210947;ABANDONO
111210949;ABANDONO
111210951;DESCONHECIDO
111210952;REINGRESSO
111210953;DESCONHECIDO
111250009;ABANDONO
111250010;ABANDONO
111250014;REINGRESSO
111250017;ABANDONO
112110001;REINGRESSO
112110002;DESCONHECIDO
112110003;ABANDONO
112110019;REINGRESSO
112110020;DESCONHECIDO
112110024;EXPULSAO
112110025;ABANDONO
112110031;DESCONHECIDO
112110034;ABANDONO
112110036;DESCONHECIDO
112110037;DESCONHECIDO
112110038;DESCONHECIDO
112110039;EXPULSAO
112110040;EXPULSAO
112110043;DESCONHECIDO
112110044;DESCONHECIDO
112110046;DESCONHECIDO
112110047;REINGRESSO
112110048;ABANDONO
112110050;DESCONHECIDO
112110051;ABANDONO
112110055;ABANDONO
112110057;ABANDONO
112110062;EXPULSAO
112110065;ABANDONO
112110066;EXPULSAO
112110067;ABANDONO
112110068;ABANDONO
112110069;EXPULSAO
112110071;DESCONHECIDO
112110075;EXPULSAO
112110076;DESCONHECIDO
112110080;DESCONHECIDO
112110081;DESCONHECIDO
112110082;DESCONHECIDO
112110083;DESCONHECIDO
112110084;REINGRESSO
112110085;REINGRESSO
112110087;DESCONHECIDO
112110089;DESCONHECIDO
112110090;DESCONHECIDO
112110092;EXPULSAO
112110094;DESCONHECIDO
112110096;ABANDONO
112110100;EXPULSAO
112110101;EXPULSAO
112110103;EXPULSAO
112110105;TRANSFERENCIA
112110106;EXPULSAO
112110108;EXPULSAO
112110874;ABANDONO
112110875;DESCONHECIDO
112110912;REINGRESSO
112110917;ABANDONO
112110919;DESCONHECIDO
112110920;DESCONHECIDO
112110922;DESCONHECIDO
112110923;EXPULSAO
112110924;ABANDONO
112110926;ABANDONO
112110928;ABANDONO
112110929;REINGRESSO
112110932;ABANDONO
112110933;EXPULSAO
112110934;EXPULSAO
112110935;DESCONHECIDO
112110936;DESCONHECIDO
112110937;ABANDONO
112110938;DESCONHECIDO
112110939;EXPULSAO
112110940;DESCONHECIDO
112110941;DESCONHECIDO
112110943;DESCONHECIDO
112110944;ABANDONO
112110945;ABANDONO
112110947;DESCONHECIDO
112110948;REINGRESSO
112110949;DESCONHECIDO
112110950;DESCONHECIDO
112110951;DESCONHECIDO
112110952;EXPULSAO
112110953;REINGRESSO
112110954;EXPULSAO
112110955;REINGRESSO
112110956;EXPULSAO
112110957;EXPULSAO
112110958;EXPULSAO
112110959;ABANDONO
112110960;EXPULSAO
112110961;EXPULSAO
112150428;EXPULSAO
112150436;ABANDONO
112150437;DESCONHECIDO
112150438;ABANDONO
112150439;ABANDONO
112150440;DESCONHECIDO
112150441;EXPULSAO
112150443;DESCONHECIDO
112150444;ABANDONO
112150445;ABANDONO
112150448;REINGRESSO
112150451;EXPULSAO
112150452;EXPULSAO
112150453;ABANDONO
112150455;ABANDONO
112150725;DESCONHECIDO
112150726;EXPULSAO
112150728;ABANDONO
112150729;EXPULSAO
112150732;EXPULSAO
112150734;ABANDONO
112150735;DESCONHECIDO
112150736;REINGRESSO
112150916;EXPULSAO
112150921;ABANDONO
112150922;ABANDONO
112190042;TRANSFERENCIA
112190043;EXPULSAO
112190045;ABANDONO
112190146;DESCONHECIDO
112190148;EXPULSAO
112210041;DESCONHECIDO
112210042;EXPULSAO
112210045;DESCONHECIDO
112210046;DESCONHECIDO
112210051;DESCONHECIDO
112210054;EXPULSAO
112210056;REINGRESSO
112210058;EXPULSAO
112210060;EXPULSAO
112210063;ABANDONO
112210064;DESCONHECIDO
112210065;REINGRESSO
112210067;ABANDONO
112210068;DESCONHECIDO
112210074;EXPULSAO
112210077;ABANDONO
112210078;REINGRESSO
112210079;DESCONHECIDO
112210081;ABANDONO
112210086;DESCONHECIDO
112210088;EXPULSAO
112210089;DESCONHECIDO
112210090;EXPULSAO
112210094;REINGRESSO
112210095;EXPULSAO
112210096;DESCONHECIDO
112210098;DESCONHECIDO
112210099;ABANDONO
112210100;ABANDONO
112210103;DESCONHECIDO
112210105;EXPULSAO
112210108;EXPULSAO
112210109;EXPULSAO
112210112;REINGRESSO
112210115;DESCONHECIDO
112210118;DESCONHECIDO
112210120;DESCONHECIDO
112210121;DESCONHECIDO
112210122;DESCONHECIDO
112210123;ABANDONO
112210128;EXPULSAO
112210131;EXPULSAO
112210423;REINGRESSO
112210425;DESCONHECIDO
112210431;DESCONHECIDO
112210433;DESCONHECIDO
112210434;EXPULSAO
112210436;REINGRESSO
112210437;DESCONHECIDO
112210439;DESCONHECIDO
112210442;REINGRESSO
112210446;EXPULSAO
112210449;EXPULSAO
112210451;EXPULSAO
112210452;DESCONHECIDO
112210453;ABANDONO
112210454;ABANDONO
112210456;REINGRESSO
112210458;ABANDONO
112210460;DESCONHECIDO
112210463;EXPULSAO
112210464;REINGRESSO
112210468;EXPULSAO
112210469;REINGRESSO
112210471;TRANSFERENCIA
112210472;REINGRESSO
112210473;EXPULSAO
112210476;DESCONHECIDO
112210478;ABANDONO
112210479;EXPULSAO
112210480;DESCONHECIDO
112210640;EXPULSAO
112210642;DESCONHECIDO
112210644;DESCONHECIDO
112210645;EXPULSAO
112210647;EXPULSAO
112210650;EXPULSAO
112210653;EXPULSAO
112210655;ABANDONO
112210657;EXPULSAO
112210658;ABANDONO
112210660;EXPULSAO
112210664;EXPULSAO
112210665;REINGRESSO
112210666;DESCONHECIDO
112210667;EXPULSAO
112210668;REINGRESSO
112210672;EXPULSAO
112210777;DESCONHECIDO
112210780;EXPULSAO
112210781;EXPULSAO
112210783;EXPULSAO
112210785;EXPULSAO
112210788;DESCONHECIDO
112210789;EXPULSAO
112210790;DESCONHECIDO
112210791;DESCONHECIDO
112210795;EXPULSAO
112210796;TRANSFERENCIA
112210797;DESCONHECIDO
112210867;ABANDONO
112210869;ABANDONO
112210874;DESCONHECIDO
112210919;DESCONHECIDO
112210920;DESCONHECIDO
112210951;EXPULSAO
112210953;DESCONHECIDO
112210954;EXPULSAO
112210955;DESCONHECIDO
112210993;EXPULSAO
112210996;ABANDONO
112211049;EXPULSAO
112211050;DESCONHECIDO
112211076;EXPULSAO
112211094;EXPULSAO
113110002;EXPULSAO
113110004;EXPULSAO
113110005;DESCONHECIDO
113110007;DESCONHECIDO
113110010;REINGRESSO
113110011;REINGRESSO
113110013;DESCONHECIDO
113110017;REINGRESSO
113110019;REINGRESSO
113110024;DESCONHECIDO
113110026;ABANDONO
113110029;ABANDONO
113110030;DESCONHECIDO
113110035;DESCONHECIDO
113110042;ABANDONO
113110045;DESCONHECIDO
113110046;DESCONHECIDO
113110048;EXPULSAO
113110049;DESCONHECIDO
113110050;DESCONHECIDO
113110051;EXPULSAO
113110054;DESCONHECIDO
113110056;DESCONHECIDO
113110059;DESCONHECIDO
113110064;DESCONHECIDO
113110068;DESCONHECIDO
113110072;REINGRESSO
113110076;DESCONHECIDO
113110078;TRANSFERENCIA
113110080;EXPULSAO
113110085;ABANDONO
113110089;DESCONHECIDO
113110090;DESCONHECIDO
113110856;DESCONHECIDO
113110859;DESCONHECIDO
113110861;DESCONHECIDO
113110862;DESCONHECIDO
113110864;DESCONHECIDO
113110870;REINGRESSO
113110871;EXPULSAO
113110873;EXPULSAO
113110876;EXPULSAO
113110878;DESCONHECIDO
113110881;DESCONHECIDO
113110887;REINGRESSO
113110888;ABANDONO
113110890;EXPULSAO
113110891;DESCONHECIDO
113110894;TRANSFERENCIA
113110895;DESCONHECIDO
113110898;EXPULSAO
113110899;EXPULSAO
113110900;EXPULSAO
113110904;EXPULSAO
113110905;DESCONHECIDO
113110906;ABANDONO
113110908;REINGRESSO
113110909;DESCONHECIDO
113110910;EXPULSAO
113110911;ABANDONO
113110913;EXPULSAO
113110914;ABANDONO
113110915;DESCONHECIDO
113111412;ABANDONO
113111414;REINGRESSO
113111418;ABANDONO
113111419;EXPULSAO
113111424;ABANDONO
113111425;EXPULSAO
113111426;DESCONHECIDO
113111428;ABANDONO
113111431;REINGRESSO
113111432;EXPULSAO
113111434;EXPULSAO
113111435;DESCONHECIDO
113111439;EXPULSAO
113111446;TRANSFERENCIA
113111447;ABANDONO
113111448;DESCONHECIDO
113111449;ABANDONO
113111451;REINGRESSO
113111794;DESCONHECIDO
113111795;DESCONHECIDO
113111803;EXPULSAO
113111808;EXPULSAO
113111809;REINGRESSO
113111810;DESCONHECIDO
113111816;REINGRESSO
113112109;ABANDONO
113112112;EXPULSAO
113112113;EXPULSAO
113112114;ABANDONO
113112115;ABANDONO
113112120;DESCONHECIDO
113112121;EXPULSAO
113112290;EXPULSAO
113112293;EXPULSAO
113112294;ABANDONO
113112295;REINGRESSO
113112300;DESCONHECIDO
113112301;EXPULSAO
113112446;EXPULSAO
113112447;EXPULSAO
113112452;EXPULSAO
113112560;EXPULSAO
113112562;DESCONHECIDO
113112563;ABANDONO
113112637;EXPULSAO
113112640;REINGRESSO
113112641;ABANDONO
113210072;ABANDONO
113210073;EXPULSAO
113210074;EXPULSAO
113210075;ABANDONO
113210076;DESCONHECIDO
113210077;EXPULSAO
113210078;ABANDONO
113210081;EXPULSAO
113210083;EXPULSAO
113210084;ABANDONO
113210087;DESCONHECIDO
113210088;DESCONHECIDO
113210090;DESCONHECIDO
113210092;TRANSFERENCIA
113210095;EXPULSAO
113210097;EXPULSAO
113210100;EXPULSAO
113210102;ABANDONO
113210104;EXPULSAO
113210105;ABANDONO
113210107;DESCONHECIDO
113210108;DESCONHECIDO
113210110;REINGRESSO
113210113;DESCONHECIDO
113210114;EXPULSAO
113210117;EXPULSAO
113210119;ABANDONO
113210120;TRANSFERENCIA
113210122;EXPULSAO
113210130;DESCONHECIDO
113210133;DESCONHECIDO
113210135;EXPULSAO
113210137;ABANDONO
113210138;EXPULSAO
113210139;EXPULSAO
113210141;DESCONHECIDO
113210142;REINGRESSO
113210143;DESCONHECIDO
113210145;ABANDONO
113210146;EXPULSAO
113210147;DESCONHECIDO
113210148;DESCONHECIDO
113210149;EXPULSAO
113210150;EXPULSAO
113210151;ABANDONO
113210152;EXPULSAO
113210153;EXPULSAO
113210154;EXPULSAO
113210157;EXPULSAO
113210158;EXPULSAO
113210160;EXPULSAO
113210402;ABANDONO
113210403;ABANDONO
113210404;REINGRESSO
113210406;DESCONHECIDO
113210410;EXPULSAO
113210413;EXPULSAO
113210418;DESCONHECIDO
113210419;ABANDONO
113210421;EXPULSAO
113210422;DESCONHECIDO
113210423;REINGRESSO
113210424;ABANDONO
113210425;DESCONHECIDO
113210426;EXPULSAO
113210428;ABANDONO
113210431;EXPULSAO
113210432;EXPULSAO
113210435;EXPULSAO
113210436;EXPULSAO
113210437;DESCONHECIDO
113210438;DESCONHECIDO
113210439;ABANDONO
113210443;EXPULSAO
113210444;REINGRESSO
113210581;DESCONHECIDO
113210582;DESCONHECIDO
113210604;EXPULSAO
113210605;ABANDONO
113210607;EXPULSAO
113210608;REINGRESSO
113210609;EXPULSAO
113210610;DESCONHECIDO
113210613;ABANDONO
113210614;REINGRESSO
113210616;ABANDONO
113210619;EXPULSAO
113210621;CANCELAMENTO
113210622;REINGRESSO
113210623;EXPULSAO
113210625;EXPULSAO
113210626;DESCONHECIDO
113210627;EXPULSAO
113210628;ABANDONO
113210629;DESCONHECIDO
113210630;TRANSFERENCIA
113210631;REINGRESSO
113210722;EXPULSAO
113210734;REINGRESSO
113210742;DESCONHECIDO
113210750;ABANDONO
113210753;EXPULSAO
113210754;ABANDONO
113210757;ABANDONO
113210758;EXPULSAO
113210810;REINGRESSO
113210813;DESCONHECIDO
113210815;ABANDONO
113210819;EXPULSAO
113210862;ABANDONO
113210882;ABANDONO
113210883;DESCONHECIDO
113210893;DESCONHECIDO
113210896;EXPULSAO
114110411;DESCONHECIDO
114110412;EXPULSAO
114110414;REINGRESSO
114110415;EXPULSAO
114110417;DESCONHECIDO
114110419;DESCONHECIDO
114110420;ABANDONO
114110421;DESCONHECIDO
114110422;DESCONHECIDO
114110424;REINGRESSO
114110426;DESCONHECIDO
114110427;EXPULSAO
114110428;DESCONHECIDO
114110429;EXPULSAO
114110430;ABANDONO
114110431;TRANSFERENCIA
114110432;EXPULSAO
114110433;ABANDONO
114110434;DESCONHECIDO
114110436;EXPULSAO
114110438;DESCONHECIDO
114110439;DESCONHECIDO
114110440;EXPULSAO
114110441;ABANDONO
114110442;REINGRESSO
114110443;DESCONHECIDO
114110444;REINGRESSO
114110445;REINGRESSO
114110446;REINGRESSO
114110448;DESCONHECIDO
114110449;DESCONHECIDO
114110450;EXPULSAO
114110451;DESCONHECIDO
114110453;DESCONHECIDO
114110454;REINGRESSO
114110455;REINGRESSO
114110458;REINGRESSO
114110460;EXPULSAO
114110462;EXPULSAO
114110463;DESCONHECIDO
114110465;DESCONHECIDO
114110467;EXPULSAO
114110468;EXPULSAO
114110469;DESCONHECIDO
114110470;ABANDONO
114110471;ABANDONO
114110472;TRANSFERENCIA
114110473;EXPULSAO
114110475;ABANDONO
114110476;EXPULSAO
114110477;EXPULSAO
114110478;DESCONHECIDO
114110479;ABANDONO
114110480;REINGRESSO
114110481;DESCONHECIDO
114110482;REINGRESSO
114110483;DESCONHECIDO
114110484;DESCONHECIDO
114110485;DESCONHECIDO
114110486;REINGRESSO
114110489;EXPULSAO
114110490;DESCONHECIDO
114110491;REINGRESSO
114110493;EXPULSAO
114110494;EXPULSAO
114110495;DESCONHECIDO
114110496;ABANDONO
114110498;DESCONHECIDO
114110499;DESCONHECIDO
114110500;REINGRESSO
114111059;EXPULSAO
114111060;EXPULSAO
114111062;EXPULSAO
114111063;DESCONHECIDO
114111067;DESCONHECIDO
114111069;ABANDONO
114111071;REINGRESSO
114111072;REINGRESSO
114111073;ABANDONO
114111075;TRANSFERENCIA
114111076;ABANDONO
114111078;REINGRESSO
114111079;REINGRESSO
114111080;REINGRESSO
114111081;ABANDONO
114111083;EXPULSAO
114111087;EXPULSAO
114111088;EXPULSAO
114111090;EXPULSAO
114111352;ABANDONO
114111354;DESCONHECIDO
114111356;ABANDONO
114111357;DESCONHECIDO
114111358;DESCONHECIDO
114111359;DESCONHECIDO
114111361;DESCONHECIDO
114111362;EXPULSAO
114111364;ABANDONO
114111365;ABANDONO
114111366;ABANDONO
114111367;ABANDONO
114111368;EXPULSAO
114111369;DESCONHECIDO
114111370;DESCONHECIDO
114111371;DESCONHECIDO
114111372;DESCONHECIDO
114111517;DESCONHECIDO
114111520;ABANDONO
114111521;EXPULSAO
114111522;DESCONHECIDO
114111590;ABANDONO
114111592;EXPULSAO
114111593;EXPULSAO
114111621;DESCONHECIDO
114111633;EXPULSAO
114111704;EXPULSAO
114111753;DESCONHECIDO
114111754;DESCONHECIDO
114210164;DESCONHECIDO
114210178;REINGRESSO
114210185;DESCONHECIDO
114210196;DESCONHECIDO
114210198;DESCONHECIDO
114210201;DESCONHECIDO
114210211;DESCONHECIDO
114210212;ABANDONO
114210216;DESCONHECIDO
114210221;EXPULSAO
114210230;ABANDONO
114210300;DESCONHECIDO
114210335;DESCONHECIDO
114210395;ABANDONO
114210417;DESCONHECIDO
114210489;DESCONHECIDO
114210527;EXPULSAO
114210529;DESCONHECIDO
114210591;EXPULSAO
114210650;EXPULSAO
114210695;DESCONHECIDO
114210708;REINGRESSO
114210767;ABANDONO
114210768;EXPULSAO
114210769;EXPULSAO
114210770;TRANSFERENCIA
114210771;EXPULSAO
114210773;EXPULSAO
114210775;EXPULSAO
114210776;EXPULSAO
114210777;EXPULSAO
114210778;ABANDONO
114210779;DESCONHECIDO
114210780;ABANDONO
114210782;DESCONHECIDO
114210783;EXPULSAO
114210784;EXPULSAO
114210786;DESCONHECIDO
114210787;ABANDONO
114210788;DESCONHECIDO
114210789;EXPULSAO
114210790;EXPULSAO
114210791;EXPULSAO
114210792;DESCONHECIDO
114210795;REINGRESSO
114210797;DESCONHECIDO
114210798;ABANDONO
114210800;DESCONHECIDO
114210801;EXPULSAO
114210802;ABANDONO
114210803;ABANDONO
114210805;EXPULSAO
114210806;DESCONHECIDO
114210807;REINGRESSO
114210808;EXPULSAO
114210811;DESCONHECIDO
114210813;ABANDONO
114210816;REINGRESSO
114210817;ABANDONO
114210818;EXPULSAO
114210820;EXPULSAO
114210821;TRANSFERENCIA
114211018;ABANDONO
114211019;EXPULSAO
114211021;EXPULSAO
114211022;DESCONHECIDO
114211023;DESCONHECIDO
114211024;EXPULSAO
114211026;REINGRESSO
114211027;ABANDONO
114211028;DESCONHECIDO
114211029;ABANDONO
114211034;EXPULSAO
114211036;EXPULSAO
114211133;ABANDONO
114211136;EXPULSAO
114211137;ABANDONO
114211140;ABANDONO
114211142;EXPULSAO
114211143;EXPULSAO
114211145;EXPULSAO
114211197;ABANDONO
114211198;REINGRESSO
114211199;EXPULSAO
114211200;DESCONHECIDO
114211201;REINGRESSO
114211258;DESCONHECIDO
114211270;DESCONHECIDO
114211271;ABANDONO
114211302;DESCONHECIDO
114211303;EXPULSAO
114211306;REINGRESSO
114211311;REINGRESSO
114211312;DESCONHECIDO
115110005;DESCONHECIDO
115110026;DESCONHECIDO
115110043;DESCONHECIDO
115110054;DESCONHECIDO
115110057;DESCONHECIDO
115110085;DESCONHECIDO
115110099;EXPULSAO
115110101;DESCONHECIDO
115110107;DESCONHECIDO
115110118;EXPULSAO
115110120;DESCONHECIDO
115110125;DESCONHECIDO
115110141;ABANDONO
115110155;EXPULSAO
115110163;DESCONHECIDO
115110185;DESCONHECIDO
115110199;DESCONHECIDO
115110230;REINGRESSO
115110236;DESCONHECIDO
115110237;DESCONHECIDO
115110267;DESCONHECIDO
115110295;DESCONHECIDO
115110298;ABANDONO
115110299;ABANDONO
115110304;DESCONHECIDO
115110316;ABANDONO
115110365;DESCONHECIDO
115110379;EXPULSAO
115110408;EXPULSAO
115110485;ABANDONO
115110500;ABANDONO
115110521;EXPULSAO
115110552;TRANSFERENCIA
115110563;DESCONHECIDO
115110570;ABANDONO
115110575;DESCONHECIDO
115110581;DESCONHECIDO
115110584;ABANDONO
115110593;DESCONHECIDO
115110597;TRANSFERENCIA
115110599;EXPULSAO
115110614;TRANSFERENCIA
115110652;DESCONHECIDO
115110671;DESCONHECIDO
115110681;DESCONHECIDO
115110714;EXPULSAO
115110721;DESCONHECIDO
115110726;ABANDONO
115110753;DESCONHECIDO
115110769;ABANDONO
115110789;DESCONHECIDO
115110811;EXPULSAO
115110820;EXPULSAO
115110864;DESCONHECIDO
115110878;EXPULSAO
115110879;ABANDONO
115110912;REINGRESSO
115110919;DESCONHECIDO
115110931;DESCONHECIDO
115110951;DESCONHECIDO
115110957;ABANDONO
115110968;ABANDONO
115110977;DESCONHECIDO
115110981;DESCONHECIDO
115111014;ABANDONO
115111029;REINGRESSO
115111033;DESCONHECIDO
115111038;EXPULSAO
115111095;ABANDONO
115111114;DESCONHECIDO
115111115;ABANDONO
115111135;DESCONHECIDO
115111167;DESCONHECIDO
115111170;DESCONHECIDO
115111189;DESCONHECIDO
115111196;ABANDONO
115111199;EXPULSAO
115111202;ABANDONO
115111211;REINGRESSO
115111215;ABANDONO
115111252;ABANDONO
115111253;TRANSFERENCIA
115111270;EXPULSAO
115111271;DESCONHECIDO
115111320;ABANDONO
115111398;DESCONHECIDO
115111410;DESCONHECIDO
115111424;DESCONHECIDO
115111458;DESCONHECIDO
115111490;DESCONHECIDO
115111496;DESCONHECIDO
115111519;ABANDONO
115111528;ABANDONO
115111531;DESCONHECIDO
115111565;ABANDONO
115111577;DESCONHECIDO
115111578;ABANDONO
115111579;DESCONHECIDO
115111580;DESCONHECIDO
115111581;EXPULSAO
115111594;DESCONHECIDO
115111596;DESCONHECIDO
115111598;ABANDONO
115111667;ABANDONO
115111743;ABANDONO
115111777;DESCONHECIDO
115111825;EXPULSAO
115111882;ABANDONO
115111885;ABANDONO
115111888;ABANDONO
115111897;DESCONHECIDO
115111900;DESCONHECIDO
115111901;DESCONHECIDO
115111906;REINGRESSO
115112032;EXPULSAO
115112058;EXPULSAO
115112088;EXPULSAO
115210021;REINGRESSO
115210025;ABANDONO
115210030;DESCONHECIDO
115210044;DESCONHECIDO
115210050;DESCONHECIDO
115210052;DESCONHECIDO
115210067;DESCONHECIDO
115210091;DESCONHECIDO
115210098;DESCONHECIDO
115210160;DESCONHECIDO
115210182;ABANDONO
115210195;DESCONHECIDO
115210213;DESCONHECIDO
115210271;DESCONHECIDO
115210292;ABANDONO
115210298;EXPULSAO
115210384;REINGRESSO
115210390;DESCONHECIDO
115210397;ABANDONO
115210399;REINGRESSO
115210412;DESCONHECIDO
115210419;ABANDONO
115210432;CONCLUIU_MAS_NAO_COLOU_GRAU
115210438;ABANDONO
115210445;DESCONHECIDO
115210469;DESCONHECIDO
115210476;ABANDONO
115210499;REINGRESSO
115210534;DESCONHECIDO
115210543;REINGRESSO
115210544;DESCONHECIDO
115210580;EXPULSAO
115210583;ABANDONO
115210590;DESCONHECIDO
115210597;DESCONHECIDO
115210629;DESCONHECIDO
115210651;EXPULSAO
115210685;DESCONHECIDO
115210700;DESCONHECIDO
115210709;DESCONHECIDO
115210712;EXPULSAO
115210730;EXPULSAO
115210734;DESCONHECIDO
115210754;EXPULSAO
115210757;EXPULSAO
115210762;EXPULSAO
115210767;EXPULSAO
115210781;EXPULSAO
115210797;ABANDONO
115210826;ABANDONO
115210827;EXPULSAO
115210834;REINGRESSO
115210857;DESCONHECIDO
115210859;DESCONHECIDO
115210869;DESCONHECIDO
115210873;DESCONHECIDO
115210876;TRANSFERENCIA
115210909;EXPULSAO
115210912;REINGRESSO
115210928;DESCONHECIDO
115210934;DESCONHECIDO
115210937;DESCONHECIDO
115210941;DESCONHECIDO
115210953;DESCONHECIDO
115210963;EXPULSAO
115211000;ABANDONO
115211049;DESCONHECIDO
115211060;DESCONHECIDO
115211083;ABANDONO
115211087;ABANDONO
115211093;DESCONHECIDO
115211094;TRANSFERENCIA
115211101;EXPULSAO
115211103;EXPULSAO
115211111;REINGRESSO
115211121;ABANDONO
115211124;EXPULSAO
115211160;DESCONHECIDO
115211161;DESCONHECIDO
115211176;DESCONHECIDO
115211201;REINGRESSO
115211208;ABANDONO
115211231;EXPULSAO
115211237;EXPULSAO
115211239;ABANDONO
115211240;EXPULSAO
115211242;DESCONHECIDO
115211281;DESCONHECIDO
115211282;ABANDONO
115211289;REINGRESSO
115211305;DESCONHECIDO
115211310;REINGRESSO
115211312;DESCONHECIDO
115211318;ABANDONO
115211352;DESCONHECIDO
115211353;EXPULSAO
115211371;ABANDONO
115211382;EXPULSAO
115211394;DESCONHECIDO
115211402;EXPULSAO
115211452;DESCONHECIDO
115211466;DESCONHECIDO
115211490;EXPULSAO
115211549;EXPULSAO
115211583;DESCONHECIDO
115211593;DESCONHECIDO
115211601;EXPULSAO
116110001;EXPULSAO
116110040;DESCONHECIDO
116110057;DESCONHECIDO
116110062;DESCONHECIDO
116110076;DESCONHECIDO
116110077;EXPULSAO
116110084;REINGRESSO
116110089;DESCONHECIDO
116110091;DESCONHECIDO
116110100;EXPULSAO
116110102;DESCONHECIDO
116110112;DESCONHECIDO
116110120;DESCONHECIDO
116110125;ABANDONO
116110151;DESCONHECIDO
116110156;EXPULSAO
116110158;ABANDONO
116110162;REINGRESSO
116110167;EXPULSAO
116110168;ABANDONO
116110170;ABANDONO
116110171;ABANDONO
116110175;DESCONHECIDO
116110176;REINGRESSO
116110179;ABANDONO
116110206;DESCONHECIDO
116110207;DESCONHECIDO
116110214;DESCONHECIDO
116110219;DESCONHECIDO
116110223;REINGRESSO
116110231;ABANDONO
116110237;EXPULSAO
116110243;DESCONHECIDO
116110270;EXPULSAO
116110274;DESCONHECIDO
116110281;EXPULSAO
116110322;DESCONHECIDO
116110323;DESCONHECIDO
116110343;EXPULSAO
116110367;DESCONHECIDO
116110371;EXPULSAO
116110409;DESCONHECIDO
116110425;EXPULSAO
116110432;EXPULSAO
116110437;DESCONHECIDO
116110450;ABANDONO
116110460;ABANDONO
116110464;DESCONHECIDO
116110498;DESCONHECIDO
116110513;EXPULSAO
116110520;DESCONHECIDO
116110537;DESCONHECIDO
116110550;EXPULSAO
116110572;REINGRESSO
116110580;DESCONHECIDO
116110584;DESCONHECIDO
116110612;DESCONHECIDO
116110627;EXPULSAO
116110648;DESCONHECIDO
116110664;DESCONHECIDO
116110690;DESCONHECIDO
116110707;REINGRESSO
116110713;ABANDONO
116110728;DESCONHECIDO
116110745;DESCONHECIDO
116110761;DESCONHECIDO
116110762;ABANDONO
116110770;REINGRESSO
116110844;DESCONHECIDO
116110895;DESCONHECIDO
116110897;ABANDONO
116110898;EXPULSAO
116110899;DESCONHECIDO
116110900;EXPULSAO
116110901;DESCONHECIDO
116110902;ABANDONO
116110903;EXPULSAO
116110904;EXPULSAO
116110909;EXPULSAO
116110910;DESCONHECIDO
116110911;DESCONHECIDO
116110912;CONCLUIU_MAS_NAO_COLOU_GRAU
116110914;EXPULSAO
116110916;ABANDONO
116110917;DESCONHECIDO
116110918;DESCONHECIDO
116110919;DESCONHECIDO
116110920;EXPULSAO
116110921;ABANDONO
116111238;EXPULSAO
116111239;ABANDONO
116111242;EXPULSAO
116111243;DESCONHECIDO
116111244;ABANDONO
116111245;ABANDONO
116111246;ABANDONO
116111247;DESCONHECIDO
116111248;EXPULSAO
116111249;ABANDONO
116111420;EXPULSAO
116111421;EXPULSAO
116111423;EXPULSAO
116111544;ABANDONO
116111545;DESCONHECIDO
116111546;ABANDONO
116111613;DESCONHECIDO
116210003;ABANDONO
116210009;DESCONHECIDO
116210014;DESCONHECIDO
116210018;DESCONHECIDO
116210028;EXPULSAO
116210034;TRANSFERENCIA
116210036;EXPULSAO
116210038;DESCONHECIDO
116210039;DESCONHECIDO
116210041;DESCONHECIDO
116210044;ABANDONO
116210046;DESCONHECIDO
116210053;DESCONHECIDO
116210056;DESCONHECIDO
116210059;DESCONHECIDO
116210063;DESCONHECIDO
116210069;DESCONHECIDO
116210074;DESCONHECIDO
116210084;ABANDONO
116210088;DESCONHECIDO
116210372;DESCONHECIDO
116210403;DESCONHECIDO
116210412;DESCONHECIDO
116210425;ABANDONO
116210428;DESCONHECIDO
116210432;DESCONHECIDO
116210438;EXPULSAO
116210439;ABANDONO
116210442;DESCONHECIDO
116210446;DESCONHECIDO
116210447;EXPULSAO
116210451;DESCONHECIDO
116210459;DESCONHECIDO
116210482;DESCONHECIDO
116210488;CONCLUIU_MAS_NAO_COLOU_GRAU
116210493;DESCONHECIDO
116210494;DESCONHECIDO
116210499;DESCONHECIDO
116210530;DESCONHECIDO
116210531;DESCONHECIDO
116210538;EXPULSAO
116210542;ABANDONO
116210550;DESCONHECIDO
116210554;EXPULSAO
116210568;DESCONHECIDO
116210575;ABANDONO
116210580;DESCONHECIDO
116210587;REINGRESSO
116210607;DESCONHECIDO
116210613;DESCONHECIDO
116210629;DESCONHECIDO
116210631;DESCONHECIDO
116210660;DESCONHECIDO
116210667;EXPULSAO
116210674;ABANDONO
116210684;EXPULSAO
116210702;EXPULSAO
116210708;DESCONHECIDO
116210716;DESCONHECIDO
116210741;CONCLUIU_MAS_NAO_COLOU_GRAU
116210748;EXPULSAO
116210757;ABANDONO
116210766;DESCONHECIDO
116210802;DESCONHECIDO
116210818;DESCONHECIDO
116210827;DESCONHECIDO
116210830;DESCONHECIDO
116210841;ABANDONO
116210851;DESCONHECIDO
116210876;TRANSFERENCIA
116210883;DESCONHECIDO
116210896;DESCONHECIDO
116210899;ABANDONO
116210904;DESCONHECIDO
116210912;ABANDONO
116210918;ABANDONO
116210920;DESCONHECIDO
116210927;REINGRESSO
116210931;EXPULSAO
116210932;EXPULSAO
116210967;DESCONHECIDO
116210971;DESCONHECIDO
116210998;DESCONHECIDO
116211007;EXPULSAO
116211019;DESCONHECIDO
116211039;DESCONHECIDO
116211043;EXPULSAO
116211050;EXPULSAO
116211065;DESCONHECIDO
116211070;REINGRESSO
116211079;ABANDONO
116211090;DESCONHECIDO
116211094;DESCONHECIDO
116211101;EXPULSAO
116211149;DESCONHECIDO
116211154;DESCONHECIDO
116211155;DESCONHECIDO
116211199;EXPULSAO
116211210;DESCONHECIDO
116211227;ABANDONO
116211245;CONCLUIU_MAS_NAO_COLOU_GRAU
116211252;ABANDONO
116211259;EXPULSAO
116211260;REINGRESSO
116211262;DESCONHECIDO
116211280;DESCONHECIDO
116211281;EXPULSAO
116211290;DESCONHECIDO
116211305;EXPULSAO
116211347;EXPULSAO
116211359;ABANDONO
116211361;EXPULSAO
116211401;EXPULSAO
116211408;EXPULSAO
116211425;EXPULSAO
116211448;ABANDONO
116211457;DESCONHECIDO
116211463;EXPULSAO
116211466;ABANDONO
116211477;DESCONHECIDO
116211483;EXPULSAO
116211708;EXPULSAO
117110019;DESCONHECIDO
117110040;DESCONHECIDO
117110060;DESCONHECIDO
117110092;EXPULSAO
117110123;ABANDONO
117110125;EXPULSAO
117110156;DESCONHECIDO
117110162;DESCONHECIDO
117110164;DESCONHECIDO
117110195;ABANDONO
117110208;ABANDONO
117110210;DESCONHECIDO
117110219;DESCONHECIDO
117110223;DESCONHECIDO
117110233;DESCONHECIDO
117110237;CANCELAMENTO
117110250;DESCONHECIDO
117110271;DESCONHECIDO
117110273;EXPULSAO
117110274;DESCONHECIDO
117110285;TRANSFERENCIA
117110297;CONCLUIU_MAS_NAO_COLOU_GRAU
117110317;DESCONHECIDO
117110318;DESCONHECIDO
117110343;DESCONHECIDO
117110346;ABANDONO
117110348;DESCONHECIDO
117110363;DESCONHECIDO
117110364;EXPULSAO
117110369;DESCONHECIDO
117110383;DESCONHECIDO
117110391;DESCONHECIDO
117110392;ABANDONO
117110412;DESCONHECIDO
117110434;DESCONHECIDO
117110448;DESCONHECIDO
117110465;EXPULSAO
117110492;DESCONHECIDO
117110503;DESCONHECIDO
117110523;EXPULSAO
117110525;DESCONHECIDO
117110537;DESCONHECIDO
117110562;ABANDONO
117110596;DESCONHECIDO
117110625;TRANSFERENCIA
117110636;DESCONHECIDO
117110637;DESCONHECIDO
117110647;DESCONHECIDO
117110655;DESCONHECIDO
117110666;DESCONHECIDO
117110681;DESCONHECIDO
117110685;ABANDONO
117110687;REINGRESSO
117110697;DESCONHECIDO
117110720;ABANDONO
117110725;ABANDONO
117110727;ABANDONO
117110734;CONCLUIU_MAS_NAO_COLOU_GRAU
117110739;DESCONHECIDO
117110780;EXPULSAO
117110785;ABANDONO
117110793;DESCONHECIDO
117110810;DESCONHECIDO
117110814;DESCONHECIDO
117110835;EXPULSAO
117110906;DESCONHECIDO
117110907;DESCONHECIDO
117110909;EXPULSAO
117110910;DESCONHECIDO
117110911;ABANDONO
117110912;DESCONHECIDO
117110913;REINGRESSO
117110914;DESCONHECIDO
117110915;EXPULSAO
117110916;ABANDONO
117110917;REINGRESSO
117110918;DESCONHECIDO
117110919;DESCONHECIDO
117110921;ABANDONO
117110922;ABANDONO
117110924;EXPULSAO
117110926;DESCONHECIDO
117111253;DESCONHECIDO
117111255;ABANDONO
117111444;DESCONHECIDO
117111445;DESCONHECIDO
117111446;DESCONHECIDO
117111740;ABANDONO
117111824;EXPULSAO
117111889;DESCONHECIDO
117111891;EXPULSAO
117111892;CANCELAMENTO
117111895;DESCONHECIDO
117111909;EXPULSAO
117111910;DESCONHECIDO
117111915;DESCONHECIDO
117210286;DESCONHECIDO
117210287;DESCONHECIDO
117210293;ABANDONO
117210299;DESCONHECIDO
117210300;ABANDONO
117210304;DESCONHECIDO
117210306;EXPULSAO
117210319;DESCONHECIDO
117210321;DESCONHECIDO
117210323;DESCONHECIDO
117210327;DESCONHECIDO
117210331;EXPULSAO
117210333;ABANDONO
117210335;DESCONHECIDO
117210339;DESCONHECIDO
117210342;DESCONHECIDO
117210343;ABANDONO
117210350;DESCONHECIDO
117210355;ABANDONO
117210360;DESCONHECIDO
117210367;CONCLUIU_MAS_NAO_COLOU_GRAU
117210370;CONCLUIU_MAS_NAO_COLOU_GRAU
117210375;DESCONHECIDO
117210376;ABANDONO
117210377;DESCONHECIDO
117210382;DESCONHECIDO
117210385;ABANDONO
117210386;EXPULSAO
117210387;DESCONHECIDO
117210389;ABANDONO
117210391;ABANDONO
117210392;ABANDONO
117210395;ABANDONO
117210397;ABANDONO
117210399;ABANDONO
117210400;DESCONHECIDO
117210402;DESCONHECIDO
117210403;ABANDONO
117210404;DESCONHECIDO
117210405;EXPULSAO
117210406;ABANDONO
117210407;EXPULSAO
117210414;DESCONHECIDO
117210416;DESCONHECIDO
117210423;CONCLUIU_MAS_NAO_COLOU_GRAU
117210424;CONCLUIU_MAS_NAO_COLOU_GRAU
117210427;ABANDONO
117210430;ABANDONO
117210684;EXPULSAO
117210685;ABANDONO
117210687;EXPULSAO
117210688;DESCONHECIDO
117210692;DESCONHECIDO
117210693;DESCONHECIDO
117210696;DESCONHECIDO
117210697;DESCONHECIDO
117210700;ABANDONO
117210701;EXPULSAO
117210703;DESCONHECIDO
117210707;DESCONHECIDO
117210708;DESCONHECIDO
117210710;DESCONHECIDO
117210712;DESCONHECIDO
117210715;DESCONHECIDO
117210716;DESCONHECIDO
117210904;EXPULSAO
117210906;DESCONHECIDO
117210907;ABANDONO
117210908;DESCONHECIDO
117210910;DESCONHECIDO
117210911;DESCONHECIDO
117210912;DESCONHECIDO
117210913;ABANDONO
117210914;DESCONHECIDO
117210916;ABANDONO
117210917;ABANDONO
117210919;EXPULSAO
117210921;REINGRESSO
117210922;DESCONHECIDO
117211052;DESCONHECIDO
117211053;DESCONHECIDO
117211056;DESCONHECIDO
117211057;DESCONHECIDO
117211059;ABANDONO
117211061;ABANDONO
117211154;EXPULSAO
117211155;DESCONHECIDO
117211156;DESCONHECIDO
117211159;DESCONHECIDO
117211246;DESCONHECIDO
117211342;ABANDONO
117211346;DESCONHECIDO
117211348;DESCONHECIDO
117211351;ABANDONO
117211359;TRANSFERENCIA
117211363;TRANSFERENCIA
117211372;DESCONHECIDO
117211376;DESCONHECIDO
117211378;ABANDONO
117211382;TRANSFERENCIA
117211383;DESCONHECIDO
117211387;DESCONHECIDO
117211393;REINGRESSO
117211396;EXPULSAO
117211398;EXPULSAO
118110001;DESCONHECIDO
118110035;DESCONHECIDO
118110050;DESCONHECIDO
118110068;DESCONHECIDO
118110081;CONCLUIU_MAS_NAO_COLOU_GRAU
118110103;DESCONHECIDO
118110145;DESCONHECIDO
118110162;DESCONHECIDO
118110175;DESCONHECIDO
118110188;DESCONHECIDO
118110209;DESCONHECIDO
118110219;EXPULSAO
118110237;DESCONHECIDO
118110246;DESCONHECIDO
118110276;DESCONHECIDO
118110295;ABANDONO
118110320;ABANDONO
118110333;DESCONHECIDO
118110342;DESCONHECIDO
118110346;DESCONHECIDO
118110355;ABANDONO
118110363;DESCONHECIDO
118110365;ABANDONO
118110377;DESCONHECIDO
118110384;DESCONHECIDO
118110386;DESCONHECIDO
118110388;DESCONHECIDO
118110390;DESCONHECIDO
118110394;EXPULSAO
118110397;DESCONHECIDO
118110400;DESCONHECIDO
118110401;EXPULSAO
118110405;DESCONHECIDO
118110407;DESCONHECIDO
118110410;DESCONHECIDO
118110412;DESCONHECIDO
118110414;DESCONHECIDO
118110448;CONCLUIU_MAS_NAO_COLOU_GRAU
118110466;DESCONHECIDO
118110489;DESCONHECIDO
118110494;EXPULSAO
118110511;EXPULSAO
118110513;EXPULSAO
118110520;EXPULSAO
118110521;DESCONHECIDO
118110532;DESCONHECIDO
118110579;DESCONHECIDO
118110593;DESCONHECIDO
118110602;DESCONHECIDO
118110614;DESCONHECIDO
118110616;DESCONHECIDO
118110629;EXPULSAO
118110658;ABANDONO
118110659;EXPULSAO
118110673;ABANDONO
118110711;EXPULSAO
118110718;DESCONHECIDO
118110739;CONCLUIU_MAS_NAO_COLOU_GRAU
118110744;REINGRESSO
118110752;TRANSFERENCIA
118110753;DESCONHECIDO
118110756;ABANDONO
118110774;DESCONHECIDO
118110783;DESCONHECIDO
118110788;DESCONHECIDO
118110804;DESCONHECIDO
118110805;DESCONHECIDO
118110808;DESCONHECIDO
118110815;DESCONHECIDO
118110833;DESCONHECIDO
118110854;DESCONHECIDO
118110869;ABANDONO
118110885;DESCONHECIDO
118110900;ABANDONO
118110914;CONCLUIU_MAS_NAO_COLOU_GRAU
118110984;DESCONHECIDO
118111019;DESCONHECIDO
118111051;DESCONHECIDO
118111063;DESCONHECIDO
118111071;CONCLUIU_MAS_NAO_COLOU_GRAU
118111079;EXPULSAO
118111107;ABANDONO
118111333;EXPULSAO
118111344;DESCONHECIDO
118111384;EXPULSAO
118111391;ABANDONO
118111393;DESCONHECIDO
118111402;EXPULSAO
118111428;ABANDONO
118111612;DESCONHECIDO
118111726;DESCONHECIDO
118111727;DESCONHECIDO
118111778;DESCONHECIDO
118111779;DESCONHECIDO
118111780;ABANDONO
118111797;ABANDONO
118111800;DESCONHECIDO
118112068;REINGRESSO
118210026;ABANDONO
118210038;ABANDONO
118210056;DESCONHECIDO
118210068;DESCONHECIDO
118210091;ABANDONO
118210111;CONCLUIU_MAS_NAO_COLOU_GRAU
118210116;ABANDONO
118210122;ABANDONO
118210131;DESCONHECIDO
118210134;ABANDONO
118210140;DESCONHECIDO
118210156;TRANSFERENCIA
118210158;ABANDONO
118210160;EXPULSAO
118210164;EXPULSAO
118210174;DESCONHECIDO
118210186;DESCONHECIDO
118210206;DESCONHECIDO
118210222;ABANDONO
118210227;CONCLUIU_MAS_NAO_COLOU_GRAU
118210230;ABANDONO
118210232;EXPULSAO
118210245;DESCONHECIDO
118210258;CONCLUIU_MAS_NAO_COLOU_GRAU
118210267;TRANSFERENCIA
118210273;CONCLUIU_MAS_NAO_COLOU_GRAU
118210278;DESCONHECIDO
118210280;EXPULSAO
118210282;ABANDONO
118210302;ABANDONO
118210319;ABANDONO
118210324;CONCLUIU_MAS_NAO_COLOU_GRAU
118210343;CONCLUIU_MAS_NAO_COLOU_GRAU
118210349;CONCLUIU_MAS_NAO_COLOU_GRAU
118210354;EXPULSAO
118210357;CONCLUIU_MAS_NAO_COLOU_GRAU
118210360;ABANDONO
118210379;DESCONHECIDO
118210383;ABANDONO
118210389;DESCONHECIDO
118210402;DESCONHECIDO
118210406;CONCLUIU_MAS_NAO_COLOU_GRAU
118210418;DESCONHECIDO
118210425;ABANDONO
118210437;ABANDONO
118210451;ABANDONO
118210457;ABANDONO
118210460;DESCONHECIDO
118210466;EXPULSAO
118210468;DESCONHECIDO
118210477;EXPULSAO
118210480;CONCLUIU_MAS_NAO_COLOU_GRAU
118210485;ABANDONO
118210486;EXPULSAO
118210493;DESCONHECIDO
118210512;DESCONHECIDO
118210525;DESCONHECIDO
118210529;DESCONHECIDO
118210542;ABANDONO
118210560;ABANDONO
118210572;DESCONHECIDO
118210579;ABANDONO
118210587;DESCONHECIDO
118210605;DESCONHECIDO
118210610;DESCONHECIDO
118210616;DESCONHECIDO
118210628;DESCONHECIDO
118210631;ABANDONO
118210636;DESCONHECIDO
118210644;DESCONHECIDO
118210672;DESCONHECIDO
118210675;DESCONHECIDO
118210681;DESCONHECIDO
118210682;EXPULSAO
118210685;DESCONHECIDO
118210686;DESCONHECIDO
118210688;ABANDONO
118210691;DESCONHECIDO
118210692;DESCONHECIDO
118210694;EXPULSAO
118210695;DESCONHECIDO
118210732;ABANDONO
118210735;REINGRESSO
118210737;EXPULSAO
118210758;ABANDONO
118210761;DESCONHECIDO
118210763;DESCONHECIDO
118210796;DESCONHECIDO
118210799;EXPULSAO
118210803;DESCONHECIDO
118210822;DESCONHECIDO
118210844;DESCONHECIDO
118210845;ABANDONO
118210853;DESCONHECIDO
118210854;CONCLUIU_MAS_NAO_COLOU_GRAU
118210873;DESCONHECIDO
118210879;EXPULSAO
118210886;ABANDONO
118210905;EXPULSAO
118210938;DESCONHECIDO
118210940;DESCONHECIDO
118210962;DESCONHECIDO
118210965;DESCONHECIDO
118210966;ABANDONO
118210967;DESCONHECIDO
118211047;ABANDONO
118211058;DESCONHECIDO
118211069;EXPULSAO
119110012;CONCLUIU_MAS_NAO_COLOU_GRAU
119110034;CONCLUIU_MAS_NAO_COLOU_GRAU
119110051;DESCONHECIDO
119110070;EXPULSAO
119110108;DESCONHECIDO
119110127;CONCLUIU_MAS_NAO_COLOU_GRAU
119110143;CONCLUIU_MAS_NAO_COLOU_GRAU
119110163;DESCONHECIDO
119110210;CONCLUIU_MAS_NAO_COLOU_GRAU
119110224;ABANDONO
119110238;EXPULSAO
119110256;CONCLUIU_MAS_NAO_COLOU_GRAU
119110268;CONCLUIU_MAS_NAO_COLOU_GRAU
119110279;DESCONHECIDO
119110292;DESCONHECIDO
119110305;CONCLUIU_MAS_NAO_COLOU_GRAU
119110316;ABANDONO
119110321;CONCLUIU_MAS_NAO_COLOU_GRAU
119110332;EXPULSAO
119110342;DESCONHECIDO
119110355;DESCONHECIDO
119110362;DESCONHECIDO
119110365;ABANDONO
119110372;DESCONHECIDO
119110378;CONCLUIU_MAS_NAO_COLOU_GRAU
119110382;CONCLUIU_MAS_NAO_COLOU_GRAU
119110385;DESCONHECIDO
119110387;EXPULSAO
119110389;ABANDONO
119110393;EXPULSAO
119110395;CONCLUIU_MAS_NAO_COLOU_GRAU
119110399;DESCONHECIDO
119110401;DESCONHECIDO
119110403;DESCONHECIDO
119110405;EXPULSAO
119110407;ABANDONO
119110409;DESCONHECIDO
119110411;DESCONHECIDO
119110413;DESCONHECIDO
119110434;DESCONHECIDO
119110454;CONCLUIU_MAS_NAO_COLOU_GRAU
119110472;DESCONHECIDO
119110498;CONCLUIU_MAS_NAO_COLOU_GRAU
119110510;DESCONHECIDO
119110512;DESCONHECIDO
119110519;CONCLUIU_MAS_NAO_COLOU_GRAU
119110534;CONCLUIU_MAS_NAO_COLOU_GRAU
119110551;DESCONHECIDO
119110570;CONCLUIU_MAS_NAO_COLOU_GRAU
119110583;ABANDONO
119110595;ABANDONO
119110608;DESCONHECIDO
119110609;DESCONHECIDO
119110614;DESCONHECIDO
119110617;EXPULSAO
119110627;ABANDONO
119110631;EXPULSAO
119110645;DESCONHECIDO
119110692;DESCONHECIDO
119110702;CONCLUIU_MAS_NAO_COLOU_GRAU
119110716;ABANDONO
119110725;ABANDONO
119110730;CONCLUIU_MAS_NAO_COLOU_GRAU
119110732;DESCONHECIDO
119110746;CONCLUIU_MAS_NAO_COLOU_GRAU
119110759;DESCONHECIDO
119110770;CONCLUIU_MAS_NAO_COLOU_GRAU
119110777;DESCONHECIDO
119110782;ABANDONO
119110789;DESCONHECIDO
119110790;DESCONHECIDO
119110791;DESCONHECIDO
119110792;CONCLUIU_MAS_NAO_COLOU_GRAU
119110826;CONCLUIU_MAS_NAO_COLOU_GRAU
119110842;ABANDONO
119110859;CONCLUIU_MAS_NAO_COLOU_GRAU
119110875;DESCONHECIDO
119110971;ABANDONO
119110985;CONCLUIU_MAS_NAO_COLOU_GRAU
119110996;REINGRESSO
119111008;DESCONHECIDO
119111034;DESCONHECIDO
119111051;DESCONHECIDO
119111098;CONCLUIU_MAS_NAO_COLOU_GRAU
119111113;CONCLUIU_MAS_NAO_COLOU_GRAU
119111124;ABANDONO
119111145;DESCONHECIDO
119111153;CONCLUIU_MAS_NAO_COLOU_GRAU
119111160;DESCONHECIDO
119111162;CONCLUIU_MAS_NAO_COLOU_GRAU
119111236;DESCONHECIDO
119111241;EXPULSAO
119111373;ABANDONO
119111440;DESCONHECIDO
119111441;DESCONHECIDO
119210003;ABANDONO
119210010;CONCLUIU_MAS_NAO_COLOU_GRAU
119210030;DESCONHECIDO
119210036;CONCLUIU_MAS_NAO_COLOU_GRAU
119210038;EXPULSAO
119210045;CONCLUIU_MAS_NAO_COLOU_GRAU
119210052;DESCONHECIDO
119210073;ABANDONO
119210094;DESCONHECIDO
119210097;DESCONHECIDO
119210120;DESCONHECIDO
119210123;DESCONHECIDO
119210133;DESCONHECIDO
119210141;DESCONHECIDO
119210145;DESCONHECIDO
119210148;CONCLUIU_MAS_NAO_COLOU_GRAU
119210150;DESCONHECIDO
119210153;EXPULSAO
119210158;CONCLUIU_MAS_NAO_COLOU_GRAU
119210161;DESCONHECIDO
119210165;DESCONHECIDO
119210167;CONCLUIU_MAS_NAO_COLOU_GRAU
119210170;CONCLUIU_MAS_NAO_COLOU_GRAU
119210173;CONCLUIU_MAS_NAO_COLOU_GRAU
119210191;EXPULSAO
119210204;DESCONHECIDO
119210212;ABANDONO
119210220;DESCONHECIDO
119210256;DESCONHECIDO
119210258;DESCONHECIDO
119210261;EXPULSAO
119210277;REINGRESSO
119210298;ABANDONO
119210311;DESCONHECIDO
119210321;DESCONHECIDO
119210326;CONCLUIU_MAS_NAO_COLOU_GRAU
119210330;DESCONHECIDO
119210334;DESCONHECIDO
119210338;DESCONHECIDO
119210344;DESCONHECIDO
119210350;EXPULSAO
119210358;DESCONHECIDO
119210366;DESCONHECIDO
119210371;DESCONHECIDO
119210378;DESCONHECIDO
119210384;DESCONHECIDO
119210390;DESCONHECIDO
119210396;CONCLUIU_MAS_NAO_COLOU_GRAU
119210401;DESCONHECIDO
119210408;DESCONHECIDO
119210414;DESCONHECIDO
119210421;DESCONHECIDO
119210426;CONCLUIU_MAS_NAO_COLOU_GRAU
119210431;DESCONHECIDO
119210446;DESCONHECIDO
119210450;DESCONHECIDO
119210452;DESCONHECIDO
119210458;DESCONHECIDO
119210460;ABANDONO
119210463;ABANDONO
119210467;ABANDONO
119210508;ABANDONO
119210513;ABANDONO
119210518;DESCONHECIDO
119210523;DESCONHECIDO
119210527;EXPULSAO
119210532;DESCONHECIDO
119210534;REINGRESSO
119210540;ABANDONO
119210551;CONCLUIU_MAS_NAO_COLOU_GRAU
119210561;DESCONHECIDO
119210566;DESCONHECIDO
119210567;ABANDONO
119210592;CONCLUIU_MAS_NAO_COLOU_GRAU
119210654;DESCONHECIDO
119210655;ABANDONO
119210656;CONCLUIU_MAS_NAO_COLOU_GRAU
119210706;CONCLUIU_MAS_NAO_COLOU_GRAU
119210723;DESCONHECIDO
119210741;ABANDONO
119210744;ABANDONO
119210746;DESCONHECIDO
119210780;EXPULSAO
119210808;DESCONHECIDO
119210821;DESCONHECIDO
119210822;EXPULSAO
119210840;ABANDONO
119210841;DESCONHECIDO
119210872;DESCONHECIDO
119210880;ABANDONO
119210883;DESCONHECIDO
119210933;DESCONHECIDO
119210934;DESCONHECIDO
119210935;ABANDONO
119210936;CONCLUIU_MAS_NAO_COLOU_GRAU
119210937;ABANDONO
119210939;DESCONHECIDO
119210960;CONCLUIU_MAS_NAO_COLOU_GRAU
119210966;DESCONHECIDO
119210986;DESCONHECIDO
119210987;DESCONHECIDO
119210988;CONCLUIU_MAS_NAO_COLOU_GRAU
119210989;EXPULSAO
119210990;DESCONHECIDO
119211021;ABANDONO
119211022;DESCONHECIDO
119211024;CONCLUIU_MAS_NAO_COLOU_GRAU
119211092;DESCONHECIDO
119211093;EXPULSAO
119211122;DESCONHECIDO
119211123;DESCONHECIDO
119211124;DESCONHECIDO
119211125;DESCONHECIDO
120110012;DESCONHECIDO
120110021;DESCONHECIDO
120110045;DESCONHECIDO
120110073;DESCONHECIDO
120110091;DESCONHECIDO
120110103;ABANDONO
120110121;DESCONHECIDO
120110138;ABANDONO
120110165;DESCONHECIDO
120110175;ABANDONO
120110190;DESCONHECIDO
120110204;DESCONHECIDO
120110259;DESCONHECIDO
120110265;DESCONHECIDO
120110277;DESCONHECIDO
120110295;CONCLUIU_MAS_NAO_COLOU_GRAU
120110301;ABANDONO
120110318;DESCONHECIDO
120110329;DESCONHECIDO
120110338;DESCONHECIDO
120110340;DESCONHECIDO
120110352;DESCONHECIDO
120110355;DESCONHECIDO
120110363;DESCONHECIDO
120110368;DESCONHECIDO
120110370;DESCONHECIDO
120110375;DESCONHECIDO
120110380;DESCONHECIDO
120110385;DESCONHECIDO
120110389;DESCONHECIDO
120110391;DESCONHECIDO
120110394;DESCONHECIDO
120110396;DESCONHECIDO
120110398;EXPULSAO
120110403;ABANDONO
120110406;DESCONHECIDO
120110407;DESCONHECIDO
120110409;ABANDONO
120110412;DESCONHECIDO
120110414;DESCONHECIDO
120110442;DESCONHECIDO
120110458;EXPULSAO
120110464;DESCONHECIDO
120110501;DESCONHECIDO
120110513;DESCONHECIDO
120110518;DESCONHECIDO
120110519;DESCONHECIDO
120110528;ABANDONO
120110562;ABANDONO
120110573;DESCONHECIDO
120110581;DESCONHECIDO
120110597;DESCONHECIDO
120110608;ABANDONO
120110612;DESCONHECIDO
120110615;ABANDONO
120110624;ABANDONO
120110629;ABANDONO
120110631;TRANSFERENCIA
120110651;DESCONHECIDO
120110679;DESCONHECIDO
120110707;DESCONHECIDO
120110720;DESCONHECIDO
120110728;DESCONHECIDO
120110731;DESCONHECIDO
120110734;DESCONHECIDO
120110754;DESCONHECIDO
120110770;ABANDONO
120110778;DESCONHECIDO
120110785;DESCONHECIDO
120110788;ABANDONO
120110790;DESCONHECIDO
120110819;DESCONHECIDO
120110821;ABANDONO
120110829;ABANDONO
120110831;DESCONHECIDO
120110844;DESCONHECIDO
120110867;DESCONHECIDO
120110880;EXPULSAO
120110894;DESCONHECIDO
120110905;DESCONHECIDO
120110994;ABANDONO
120111009;DESCONHECIDO
120111020;CONCLUIU_MAS_NAO_COLOU_GRAU
120111032;CONCLUIU_MAS_NAO_COLOU_GRAU
120111039;ABANDONO
120111043;ABANDONO
120111047;DESCONHECIDO
120111057;DESCONHECIDO
120111082;DESCONHECIDO
120111179;DESCONHECIDO
120111215;DESCONHECIDO
120111217;CONCLUIU_MAS_NAO_COLOU_GRAU
120111309;DESCONHECIDO
120111313;ABANDONO
120111374;ABANDONO
120111380;DESCONHECIDO
120111394;ABANDONO
120111396;DESCONHECIDO
120111456;ABANDONO
120111516;DESCONHECIDO
120111732;EXPULSAO
120111761;ABANDONO
120111763;ABANDONO
120111796;ABANDONO
120210004;DESCONHECIDO
120210014;ABANDONO
120210023;DESCONHECIDO
120210028;DESCONHECIDO
120210035;DESCONHECIDO
120210046;DESCONHECIDO
120210059;DESCONHECIDO
120210069;DESCONHECIDO
120210085;ABANDONO
120210094;DESCONHECIDO
120210105;ABANDONO
120210108;DESCONHECIDO
120210120;DESCONHECIDO
120210123;ABANDONO
120210126;DESCONHECIDO
120210129;DESCONHECIDO
120210131;DESCONHECIDO
120210136;TRANSFERENCIA
120210139;DESCONHECIDO
120210140;DESCONHECIDO
120210143;DESCONHECIDO
120210147;DESCONHECIDO
120210148;DESCONHECIDO
120210152;DESCONHECIDO
120210155;DESCONHECIDO
120210158;DESCONHECIDO
120210160;DESCONHECIDO
120210164;DESCONHECIDO
120210166;DESCONHECIDO
120210169;DESCONHECIDO
120210170;DESCONHECIDO
120210172;DESCONHECIDO
120210174;DESCONHECIDO
120210194;DESCONHECIDO
120210211;DESCONHECIDO
120210220;DESCONHECIDO
120210254;DESCONHECIDO
120210257;EXPULSAO
120210260;ABANDONO
120210269;EXPULSAO
120210290;DESCONHECIDO
120210315;EXPULSAO
120210318;DESCONHECIDO
120210322;DESCONHECIDO
120210334;ABANDONO
120210342;DESCONHECIDO
120210348;ABANDONO
120210355;DESCONHECIDO
120210359;DESCONHECIDO
120210363;DESCONHECIDO
120210375;EXPULSAO
120210382;DESCONHECIDO
120210388;DESCONHECIDO
120210395;DESCONHECIDO
120210445;DESCONHECIDO
120210464;ABANDONO
120210471;EXPULSAO
120210474;DESCONHECIDO
120210478;EXPULSAO
120210483;DESCONHECIDO
120210508;DESCONHECIDO
120210513;DESCONHECIDO
120210532;DESCONHECIDO
120210537;DESCONHECIDO
120210547;EXPULSAO
120210558;DESCONHECIDO
120210560;DESCONHECIDO
120210568;DESCONHECIDO
120210575;DESCONHECIDO
120210625;DESCONHECIDO
120210646;DESCONHECIDO
120210727;DESCONHECIDO
120210768;EXPULSAO
120210779;ABANDONO
120210781;ABANDONO
120210785;DESCONHECIDO
120210789;DESCONHECIDO
120210791;DESCONHECIDO
120210932;DESCONHECIDO
120210943;ABANDONO
120210954;DESCONHECIDO
120211048;ABANDONO
120211072;DESCONHECIDO
120211073;EXPULSAO
120211086;DESCONHECIDO
120211132;DESCONHECIDO
120211139;DESCONHECIDO
120211149;ABANDONO
120211188;DESCONHECIDO
121110016;DESCONHECIDO
121110034;DESCONHECIDO
121110047;DESCONHECIDO
121110071;DESCONHECIDO
121110090;DESCONHECIDO
121110118;DESCONHECIDO
121110138;ABANDONO
121110165;ABANDONO
121110175;DESCONHECIDO
121110199;DESCONHECIDO
121110201;ABANDONO
121110220;DESCONHECIDO
121110247;DESCONHECIDO
121110268;DESCONHECIDO
121110281;DESCONHECIDO
121110295;DESCONHECIDO
121110319;DESCONHECIDO
121110333;ABANDONO
121110343;DESCONHECIDO
121110349;DESCONHECIDO
121110359;DESCONHECIDO
121110361;DESCONHECIDO
121110368;DESCONHECIDO
121110373;DESCONHECIDO
121110379;DESCONHECIDO
121110381;DESCONHECIDO
121110386;DESCONHECIDO
121110387;DESCONHECIDO
121110389;ABANDONO
121110391;DESCONHECIDO
121110394;DESCONHECIDO
121110396;DESCONHECIDO
121110398;DESCONHECIDO
121110399;DESCONHECIDO
121110402;DESCONHECIDO
121110403;DESCONHECIDO
121110406;DESCONHECIDO
121110408;DESCONHECIDO
121110409;DESCONHECIDO
121110414;DESCONHECIDO
121110444;DESCONHECIDO
121110455;DESCONHECIDO
121110466;DESCONHECIDO
121110491;EXPULSAO
121110502;DESCONHECIDO
121110513;DESCONHECIDO
121110517;DESCONHECIDO
121110520;DESCONHECIDO
121110521;ABANDONO
121110557;ABANDONO
121110566;DESCONHECIDO
121110595;DESCONHECIDO
121110604;DESCONHECIDO
121110612;DESCONHECIDO
121110615;DESCONHECIDO
121110617;ABANDONO
121110641;DESCONHECIDO
121110656;ABANDONO
121110669;DESCONHECIDO
121110708;TRANSFERENCIA
121110711;ABANDONO
121110713;ABANDONO
121110737;DESCONHECIDO
121110750;DESCONHECIDO
121110759;DESCONHECIDO
121110764;DESCONHECIDO
121110766;DESCONHECIDO
121110769;DESCONHECIDO
121110782;DESCONHECIDO
121110792;DESCONHECIDO
121110942;DESCONHECIDO
121110958;DESCONHECIDO
121110966;DESCONHECIDO
121111006;DESCONHECIDO
121111029;DESCONHECIDO
121111034;DESCONHECIDO
121111059;DESCONHECIDO
121111084;DESCONHECIDO
121111093;DESCONHECIDO
121111104;DESCONHECIDO
121111209;EXPULSAO
121111245;ABANDONO
121111269;ABANDONO
121111333;DESCONHECIDO
121111355;ABANDONO
121111460;DESCONHECIDO
121111468;DESCONHECIDO
121111497;ABANDONO
121111517;DESCONHECIDO
121111699;EXPULSAO
121111728;DESCONHECIDO
121111765;TRANSFERENCIA
121111766;DESCONHECIDO
121210008;DESCONHECIDO
121210025;DESCONHECIDO
121210054;DESCONHECIDO
121210058;EXPULSAO
121210070;ABANDONO
121210074;DESCONHECIDO
121210082;DESCONHECIDO
121210088;DESCONHECIDO
121210095;DESCONHECIDO
121210097;DESCONHECIDO
121210114;DESCONHECIDO
121210117;ABANDONO
121210119;DESCONHECIDO
121210123;DESCONHECIDO
121210132;ABANDONO
121210138;ABANDONO
121210141;DESCONHECIDO
121210147;DESCONHECIDO
121210152;ABANDONO
121210156;DESCONHECIDO
121210159;DESCONHECIDO
121210161;DESCONHECIDO
121210164;DESCONHECIDO
121210166;ABANDONO
121210171;DESCONHECIDO
121210172;DESCONHECIDO
121210175;DESCONHECIDO
121210197;DESCONHECIDO
121210219;DESCONHECIDO
121210248;ABANDONO
121210251;DESCONHECIDO
121210254;DESCONHECIDO
121210290;DESCONHECIDO
121210299;DESCONHECIDO
121210309;ABANDONO
121210320;DESCONHECIDO
121210333;DESCONHECIDO
121210335;ABANDONO
121210346;DESCONHECIDO
121210354;DESCONHECIDO
121210358;EXPULSAO
121210376;DESCONHECIDO
121210381;DESCONHECIDO
121210386;DESCONHECIDO
121210396;DESCONHECIDO
121210443;ABANDONO
121210449;DESCONHECIDO
121210460;DESCONHECIDO
121210466;DESCONHECIDO
121210472;DESCONHECIDO
121210481;DESCONHECIDO
121210486;EXPULSAO
121210488;DESCONHECIDO
121210497;ABANDONO
121210503;DESCONHECIDO
121210514;ABANDONO
121210519;EXPULSAO
121210526;ABANDONO
121210530;ABANDONO
121210531;EXPULSAO
121210538;DESCONHECIDO
121210547;DESCONHECIDO
121210550;DESCONHECIDO
121210555;DESCONHECIDO
121210564;DESCONHECIDO
121210574;DESCONHECIDO
121210581;DESCONHECIDO
121210586;DESCONHECIDO
121210587;DESCONHECIDO
121210590;DESCONHECIDO
121210596;ABANDONO
121210603;DESCONHECIDO
121210662;ABANDONO
121210663;DESCONHECIDO
121210685;DESCONHECIDO
121210700;DESCONHECIDO
121210716;DESCONHECIDO
121210718;DESCONHECIDO
121210721;DESCONHECIDO
121210726;DESCONHECIDO
121210801;DESCONHECIDO
121210808;ABANDONO
121210844;EXPULSAO
121210923;DESCONHECIDO
121210927;DESCONHECIDO
121210930;DESCONHECIDO
121210933;DESCONHECIDO
121210938;DESCONHECIDO
121211066;DESCONHECIDO
121211086;ABANDONO
121211096;DESCONHECIDO
122110002;DESCONHECIDO
122110033;ABANDONO
122110048;ABANDONO
122110076;DESCONHECIDO
122110085;DESCONHECIDO
122110110;DESCONHECIDO
122110121;DESCONHECIDO
122110135;ABANDONO
122110164;DESCONHECIDO
122110181;DESCONHECIDO
122110198;DESCONHECIDO
122110213;DESCONHECIDO
122110226;DESCONHECIDO
122110244;DESCONHECIDO
122110252;DESCONHECIDO
122110262;DESCONHECIDO
122110282;DESCONHECIDO
122110294;DESCONHECIDO
122110308;DESCONHECIDO
122110312;DESCONHECIDO
122110322;DESCONHECIDO
122110336;DESISTENCIA
122110345;ABANDONO
122110350;DESISTENCIA
122110358;DESCONHECIDO
122110360;DESISTENCIA
122110367;DESCONHECIDO
122110373;DESCONHECIDO
122110378;DESISTENCIA
122110382;DESCONHECIDO
122110386;DESCONHECIDO
122110387;DESCONHECIDO
122110390;DESCONHECIDO
122110391;DESCONHECIDO
122110393;DESCONHECIDO
122110395;DESCONHECIDO
122110397;DESCONHECIDO
122110399;DESCONHECIDO
122110402;DESCONHECIDO
122110404;DESISTENCIA
122110405;DESISTENCIA
122110407;EXPULSAO
122110409;DESCONHECIDO
122110412;DESCONHECIDO
122110413;DESISTENCIA
122110443;DESCONHECIDO
122110446;DESCONHECIDO
122110472;DESCONHECIDO
122110481;DESCONHECIDO
122110501;DESISTENCIA
122110504;DESCONHECIDO
122110511;DESCONHECIDO
122110516;ABANDONO
122110518;DESCONHECIDO
122110535;DESCONHECIDO
122110544;DESISTENCIA
122110574;DESCONHECIDO
122110587;DESISTENCIA
122110595;DESCONHECIDO
122110606;DESCONHECIDO
122110611;DESISTENCIA
122110613;EXPULSAO
122110616;DESCONHECIDO
122110617;DESCONHECIDO
122110625;DESCONHECIDO
122110630;DESCONHECIDO
122110631;DESCONHECIDO
122110634;EXPULSAO
122110635;DESISTENCIA
122110638;DESISTENCIA
122110653;DESCONHECIDO
122110667;DESCONHECIDO
122110677;DESCONHECIDO
122110690;DESISTENCIA
122110693;DESCONHECIDO
122110695;DESCONHECIDO
122110697;DESCONHECIDO
122110702;DESCONHECIDO
122110725;DESCONHECIDO
122110736;DESCONHECIDO
122110742;DESISTENCIA
122110747;DESCONHECIDO
122110748;DESCONHECIDO
122110750;DESISTENCIA
122110756;DESCONHECIDO
122110777;DESCONHECIDO
122110798;DESISTENCIA
122110813;DESCONHECIDO
122110833;DESCONHECIDO
122110844;DESCONHECIDO
122110861;DESISTENCIA
122110936;DESCONHECIDO
122110947;DESISTENCIA
122110967;DESCONHECIDO
122110974;DESCONHECIDO
122110982;ABANDONO
122111000;DESCONHECIDO
122111020;DESCONHECIDO
122111030;DESCONHECIDO
122111042;DESCONHECIDO
122111054;DESCONHECIDO
122111069;ABANDONO
122111076;DESCONHECIDO
122111123;DESCONHECIDO
122111241;DESISTENCIA
122111332;DESISTENCIA
122111425;DESCONHECIDO
122111426;DESISTENCIA
122111429;DESCONHECIDO
122111435;ABANDONO
122111622;DESISTENCIA
122111638;DESISTENCIA
122111669;DESISTENCIA
122111746;DESISTENCIA
122111769;EXPULSAO
122111790;ABANDONO
122210003;ABANDONO
122210009;DESISTENCIA
122210013;DESISTENCIA
122210021;DESCONHECIDO
122210026;DESCONHECIDO
122210032;DESISTENCIA
122210039;DESISTENCIA
122210045;DESISTENCIA
122210053;DESISTENCIA
122210060;DESISTENCIA
122210064;DESISTENCIA
122210069;DESISTENCIA
122210075;DESISTENCIA
122210082;DESCONHECIDO
122210085;DESISTENCIA
122210093;DESCONHECIDO
122210098;DESISTENCIA
122210104;DESCONHECIDO
122210109;DESCONHECIDO
122210114;DESCONHECIDO
122210117;DESISTENCIA
122210120;DESISTENCIA
122210123;DESISTENCIA
122210125;DESISTENCIA
122210128;DESISTENCIA
122210133;DESISTENCIA
122210134;DESISTENCIA
122210138;DESCONHECIDO
122210142;DESCONHECIDO
122210145;DESCONHECIDO
122210147;DESISTENCIA
122210148;DESCONHECIDO
122210151;DESCONHECIDO
122210153;DESCONHECIDO
122210154;DESCONHECIDO
122210156;DESISTENCIA
122210158;DESCONHECIDO
122210160;DESCONHECIDO
122210162;DESISTENCIA
122210164;DESISTENCIA
122210166;DESISTENCIA
122210169;DESCONHECIDO
122210170;DESCONHECIDO
122210172;DESISTENCIA
122210175;DESCONHECIDO
122210188;DESCONHECIDO
122210193;DESISTENCIA
122210198;DESISTENCIA
122210206;DESISTENCIA
122210212;ABANDONO
122210214;DESCONHECIDO
122210216;DESISTENCIA
122210220;DESCONHECIDO
122210222;DESISTENCIA
122210231;DESISTENCIA
122210237;DESISTENCIA
122210241;DESISTENCIA
122210248;DESISTENCIA
122210250;DESCONHECIDO
122210253;DESISTENCIA
122210256;DESCONHECIDO
122210260;DESISTENCIA
122210262;DESCONHECIDO
122210263;DESCONHECIDO
122210267;EXPULSAO
122210269;DESISTENCIA
122210273;DESISTENCIA
122210275;ABANDONO
122210276;DESISTENCIA
122210279;DESISTENCIA
122210281;DESCONHECIDO
122210286;DESISTENCIA
122210296;DESISTENCIA
122210299;DESCONHECIDO
122210301;DESISTENCIA
122210303;DESCONHECIDO
122210305;DESCONHECIDO
122210312;DESISTENCIA
122210317;DESISTENCIA
122210318;DESCONHECIDO
122210325;DESISTENCIA
122210328;DESISTENCIA
122210330;DESCONHECIDO
122210334;DESISTENCIA
122210342;DESCONHECIDO
122210346;DESCONHECIDO
122210355;DESISTENCIA
122210362;EXPULSAO
122210366;DESCONHECIDO
122210374;DESCONHECIDO
122210378;DESISTENCIA
122210386;DESCONHECIDO
122210392;DESCONHECIDO
122210393;DESCONHECIDO
122210403;DESCONHECIDO
122210405;DESCONHECIDO
122210411;DESISTENCIA
122210419;DESCONHECIDO
122210426;DESCONHECIDO
122210429;DESCONHECIDO
122210431;DESCONHECIDO
122210434;DESCONHECIDO
122210438;EXPULSAO
122210442;DESISTENCIA
122210468;EXPULSAO
122210469;DESCONHECIDO
122210480;ABANDONO
122210485;DESISTENCIA
122210489;DESISTENCIA
122210491;DESCONHECIDO
122210495;DESCONHECIDO
122210498;DESISTENCIA
122210499;DESISTENCIA
122210510;DESCONHECIDO
122210512;DESISTENCIA
122210519;DESISTENCIA
122210526;DESISTENCIA
122210529;DESCONHECIDO
122210535;DESISTENCIA
122210537;DESCONHECIDO
122210541;DESISTENCIA
122210544;DESISTENCIA
122210553;DESISTENCIA
122210558;DESCONHECIDO
122210566;DESCONHECIDO
122210568;DESCONHECIDO
122210577;DESISTENCIA
122210585;DESCONHECIDO
122210591;DESISTENCIA
122210596;DESCONHECIDO
122210600;DESCONHECIDO
122210601;EXPULSAO
122210630;DESCONHECIDO
122210633;ABANDONO
122210634;DESISTENCIA
122210637;DESCONHECIDO
122210688;DESISTENCIA
122210690;DESISTENCIA
122210692;DESISTENCIA
122210695;DESISTENCIA
122210713;DESISTENCIA
122210714;DESISTENCIA
122210716;DESISTENCIA
122210718;DESISTENCIA
122210731;DESCONHECIDO
122210756;DESCONHECIDO
122210775;DESCONHECIDO
122210780;DESISTENCIA
122210783;DESISTENCIA
122210819;DESISTENCIA
122210820;EXPULSAO
122210821;DESCONHECIDO
122210824;DESCONHECIDO
122210834;DESISTENCIA
122210835;DESISTENCIA
122210837;ABANDONO
122210838;EXPULSAO
122210847;DESCONHECIDO
122210853;DESCONHECIDO
122210854;DESCONHECIDO
122210879;EXPULSAO
122210882;EXPULSAO
122210883;DESISTENCIA
122210925;DESISTENCIA
122210926;DESISTENCIA
122210927;DESCONHECIDO
122210928;DESCONHECIDO
122210936;DESCONHECIDO
122210981;DESCONHECIDO
122210983;DESISTENCIA
122210986;DESISTENCIA
122210987;DESCONHECIDO
122210993;DESCONHECIDO
122210994;ABANDONO
122211030;ABANDONO
122211399;DESISTENCIA
123110142;DESCONHECIDO
123110175;DESISTENCIA
123110177;DESCONHECIDO
123110202;DESCONHECIDO
123110216;DESCONHECIDO
123110225;DESCONHECIDO
123110236;DESCONHECIDO
123110240;DESISTENCIA
123110245;DESCONHECIDO
123110247;DESCONHECIDO
123110250;DESCONHECIDO
123110251;DESISTENCIA
123110263;DESCONHECIDO
123110292;DESCONHECIDO
123110305;DESCONHECIDO
123110323;DESCONHECIDO
123110335;DESISTENCIA
123110343;DESISTENCIA
123110356;DESCONHECIDO
123110363;DESCONHECIDO
123110366;ABANDONO
123110367;DESCONHECIDO
123110370;DESISTENCIA
123110372;DESCONHECIDO
123110373;DESCONHECIDO
123110383;DESCONHECIDO
123110389;DESISTENCIA
123110391;DESCONHECIDO
123110394;DESCONHECIDO
123110397;DESCONHECIDO
123110431;DESCONHECIDO
123110443;DESCONHECIDO
123110459;DESCONHECIDO
123110463;DESCONHECIDO
123110467;DESCONHECIDO
123110470;DESCONHECIDO
123110472;DESCONHECIDO
123110479;DESCONHECIDO
123110505;DESCONHECIDO
123110522;DESCONHECIDO
123110530;DESCONHECIDO
123110539;DESISTENCIA
123110541;DESCONHECIDO
123110543;DESCONHECIDO
123110545;DESCONHECIDO
123110549;DESCONHECIDO
123110565;DESCONHECIDO
123110580;DESCONHECIDO
123110597;DESCONHECIDO
123110603;DESCONHECIDO
123110614;DESCONHECIDO
123110628;DESCONHECIDO
123110635;DESCONHECIDO
123110651;DESISTENCIA
123110659;DESCONHECIDO
123110668;DESCONHECIDO
123110685;DESCONHECIDO
123110697;DESCONHECIDO
123110703;DESISTENCIA
123110715;DESISTENCIA
123110724;DESCONHECIDO
123110728;DESISTENCIA
123110738;DESCONHECIDO
123110747;DESCONHECIDO
123110755;DESCONHECIDO
123110762;DESCONHECIDO
123110768;DESCONHECIDO
123110775;DESCONHECIDO
123110779;DESCONHECIDO
123110782;DESCONHECIDO
123110785;DESCONHECIDO
123110787;DESCONHECIDO
123110791;DESCONHECIDO
123110796;DESCONHECIDO
123110799;DESISTENCIA
123110801;DESCONHECIDO
123110802;DESCONHECIDO
123110804;DESCONHECIDO
123110806;DESISTENCIA
123110808;DESCONHECIDO
123110810;DESCONHECIDO
123110811;DESCONHECIDO
123110814;DESCONHECIDO
123110815;DESISTENCIA
123110817;DESCONHECIDO
123110819;DESCONHECIDO
123110820;DESISTENCIA
123110823;DESCONHECIDO
123110824;DESCONHECIDO
123110825;DESCONHECIDO
123110843;DESCONHECIDO
123110861;DESCONHECIDO
123110871;DESISTENCIA
123110934;DESCONHECIDO
123110972;DESISTENCIA
123111031;DESISTENCIA
123111045;DESCONHECIDO
123111059;DESISTENCIA
123111072;DESISTENCIA
123111119;DESCONHECIDO
123111147;DESCONHECIDO
123111188;DESISTENCIA
123111208;DESISTENCIA
123111211;DESCONHECIDO
123111215;EXPULSAO
123111296;DESISTENCIA
123111303;DESISTENCIA
123111398;DESCONHECIDO
123111413;DESCONHECIDO
123210026;DESISTENCIA
123210049;DESISTENCIA
123210054;DESCONHECIDO
123210057;DESISTENCIA
123210061;DESCONHECIDO
123210066;DESISTENCIA
123210072;DESISTENCIA
123210079;DESISTENCIA
123210085;DESISTENCIA
123210087;DESCONHECIDO
123210090;DESCONHECIDO
123210094;DESISTENCIA
123210097;DESISTENCIA
123210098;DESISTENCIA
123210106;DESISTENCIA
123210110;DESISTENCIA
123210119;DESISTENCIA
123210122;DESISTENCIA
123210127;DESCONHECIDO
123210132;DESISTENCIA
123210133;DESISTENCIA
123210136;DESISTENCIA
123210138;DESCONHECIDO
123210141;DESCONHECIDO
123210148;DESCONHECIDO
123210150;DESISTENCIA
123210153;DESISTENCIA
123210154;DESCONHECIDO
123210157;DESISTENCIA
123210166;DESISTENCIA
123210171;DESCONHECIDO
123210173;DESISTENCIA
123210175;DESCONHECIDO
123210177;DESCONHECIDO
123210180;DESCONHECIDO
123210185;ABANDONO
123210188;DESCONHECIDO
123210194;DESISTENCIA
123210198;DESISTENCIA
123210202;DESCONHECIDO
123210203;DESCONHECIDO
123210205;DESCONHECIDO
123210209;DESCONHECIDO
123210215;DESISTENCIA
123210218;DESCONHECIDO
123210222;DESISTENCIA
123210225;DESISTENCIA
123210227;DESISTENCIA
123210233;DESCONHECIDO
123210236;DESISTENCIA
123210240;DESCONHECIDO
123210244;DESISTENCIA
123210248;DESISTENCIA
123210257;DESISTENCIA
123210259;ABANDONO
123210262;DESISTENCIA
123210265;DESCONHECIDO
123210267;DESISTENCIA
123210272;DESCONHECIDO
123210275;DESCONHECIDO
123210278;DESCONHECIDO
123210282;DESCONHECIDO
123210283;DESCONHECIDO
123210284;DESCONHECIDO
123210287;DESISTENCIA
123210289;DESCONHECIDO
123210292;DESCONHECIDO
123210295;DESCONHECIDO
123210296;DESCONHECIDO
123210298;DESCONHECIDO
123210302;DESCONHECIDO
123210303;DESCONHECIDO
123210306;EXPULSAO
123210307;DESISTENCIA
123210308;DESCONHECIDO
123210309;DESCONHECIDO
123210311;DESCONHECIDO
123210312;DESCONHECIDO
123210314;DESCONHECIDO
123210317;DESCONHECIDO
123210318;DESCONHECIDO
123210320;DESCONHECIDO
123210333;DESISTENCIA
123210338;DESCONHECIDO
123210340;DESCONHECIDO
123210346;DESCONHECIDO
123210347;DESCONHECIDO
123210353;DESCONHECIDO
123210356;DESISTENCIA
123210361;DESCONHECIDO
123210367;DESCONHECIDO
123210371;DESCONHECIDO
123210373;DESCONHECIDO
123210378;DESCONHECIDO
123210384;DESCONHECIDO
123210444;DESISTENCIA
123210452;DESISTENCIA
123210456;DESCONHECIDO
123210466;DESISTENCIA
123210470;DESISTENCIA
123210473;DESCONHECIDO
123210476;DESCONHECIDO
123210479;EXPULSAO
123210483;DESCONHECIDO
123210485;DESISTENCIA
123210487;DESCONHECIDO
123210490;DESCONHECIDO
123210498;DESCONHECIDO
123210502;DESISTENCIA
123210509;DESISTENCIA
123210518;DESISTENCIA
123210521;DESISTENCIA
123210526;DESISTENCIA
123210528;DESISTENCIA
123210530;DESISTENCIA
123210534;DESISTENCIA
123210544;DESISTENCIA
123210547;DESCONHECIDO
123210551;DESCONHECIDO
123210570;DESCONHECIDO
123210579;DESCONHECIDO
123210584;DESCONHECIDO
123210598;DESCONHECIDO
123210602;DESCONHECIDO
123210681;DESCONHECIDO
123210684;DESISTENCIA
123210685;DESISTENCIA
123210686;DESCONHECIDO
123210687;DESISTENCIA
123210698;DESISTENCIA
123210700;DESCONHECIDO
123210702;DESISTENCIA
123210703;DESCONHECIDO
123210705;DESISTENCIA
123210708;DESCONHECIDO
123210710;DESISTENCIA
123210711;DESISTENCIA
123210718;DESCONHECIDO
123210791;DESCONHECIDO
123210792;DESISTENCIA
123210793;DESCONHECIDO
123210800;DESCONHECIDO
123210801;DESISTENCIA
123210802;DESCONHECIDO
123210803;DESISTENCIA
123210843;DESCONHECIDO
123210844;DESISTENCIA
123210877;DESCONHECIDO
123210878;DESCONHECIDO
123210879;DESISTENCIA
123210880;DESISTENCIA
123210881;DESISTENCIA
123210882;DESCONHECIDO
123210883;DESISTENCIA
123210884;DESISTENCIA
123210885;DESISTENCIA
123210886;DESISTENCIA
123210946;DESISTENCIA
123210947;DESISTENCIA
123210948;DESISTENCIA
123210949;DESISTENCIA
123210950;DESISTENCIA
123210960;DESCONHECIDO
123210961;ABANDONO
123210962;DESISTENCIA
123210963;DESISTENCIA
123210964;DESISTENCIA
123210965;DESISTENCIA
123210966;DESISTENCIA
123210967;DESISTENCIA
123210968;DESISTENCIA
123210969;DESISTENCIA
123210970;DESISTENCIA
123210971;DESISTENCIA
123210972;DESISTENCIA
123210973;DESISTENCIA
123210974;DESISTENCIA
123210975;DESCONHECIDO
123210976;DESISTENCIA
123210978;DESISTENCIA
123210980;DESISTENCIA
123210982;DESCONHECIDO
123211071;DESCONHECIDO
